sl_no,is_code,description,download_link
1320,IS 3696-1:1987,"Safety code of  scaffolds and ladders, Part 1:  Scaffolds",https://archive.org/download/gov.in.is.3696.1.1987/is.3696.1.1987.pdf
1321,IS 3696-2:1991,"Scaffolds and Ladders – Code of Safety, Part 2: Ladders",https://archive.org/download/gov.in.is.3696.2.1991/is.3696.2.1991.pdf
1322,IS 3764:1992,Code of safety for excavation work,https://archive.org/download/gov.in.is.3764.1992/is.3764.1992.pdf
1323,IS 4014-2:1967,"Code of Practice for Steel Tubular  Scaffolding, Part II: Safety Regulations for Scaffolding",https://archive.org/download/gov.in.is.4014.2.1967/is.4014.2.1967.pdf
1324,IS 4081:1986,Safety code for blasting and related drilling operations,https://archive.org/download/gov.in.is.4081.1986/is.4081.1986.pdf
1325,IS 4082:1996,Recommendations on stacking and storage of construction materials and components at the site,https://archive.org/download/gov.in.is.4082.1996/is.4082.1996.pdf
1326,IS 4130:1991,Safety code for demolition of buildings,https://archive.org/download/gov.in.is.4130.1991/is.4130.1991.pdf
1327,IS 4138:1977,Safety code for working in compressed air,https://archive.org/download/gov.in.is.4138.1977/is.4138.1977.pdf
1328,IS 4756:1978,Safety code for tunnelling work,https://archive.org/download/gov.in.is.4756.1978/is.4756.1978.pdf
1329,IS 4912:1978,"Safety Requirements for Floor and Wall Openings, Railings and Toe Boards",https://archive.org/download/gov.in.is.4912.1978/is.4912.1978.pdf
1330,IS 5121:1969,Safety code for piling and other deep foundations,https://archive.org/download/gov.in.is.5121.1969/is.5121.1969.pdf
1331,IS 5916:1970,Safety code for construction involving the use of hot bituminous materials,https://archive.org/download/gov.in.is.5916.1970/is.5916.1970.pdf
1332,IS 7272-1:1974,"Recommendation for Labour Output Constants for Building Work, Part I: North Zone",https://archive.org/download/gov.in.is.7272.1.1974/is.7272.1.1974.pdf
1333,IS 7293:1974,Safety code for working with construction machinery,https://archive.org/download/gov.in.is.7293.1974/is.7293.1974.pdf
1334,IS 7969:1975,Safety code for handling and storage of building materials,https://archive.org/download/gov.in.is.7969.1975/is.7969.1975.pdf
1335,IS 8989:1978,Safety code for the erection of concrete framed structures,https://archive.org/download/gov.in.is.8989.1978/is.8989.1978.pdf
1336,IS 10067:1982,Material constants in building works,https://archive.org/download/gov.in.is.10067.1982/is.10067.1982.pdf
1337,IS 10291:1982,Safety code for dress divers in civil engineering works,https://archive.org/download/gov.in.is.10291.1982/is.10291.1982.pdf
1338,IS 10302:1982,Unified Nomenclature of Workmen for Civil Engineering,https://archive.org/download/gov.in.is.10302.1982/is.10302.1982.pdf
1339,IS 13415:1992,Protective Barriers in and Around Buildings – Code of Safety,https://archive.org/download/gov.in.is.13415.1992/is.13415.1992.pdf
1976,IS 460-1:1985,Test  Sieves: Part I Wire  Cloth Test Sieves,https://archive.org/download/gov.in.is.460.1.1985/is.460.1.1985.pdf
1977,IS 460-2:1985,Test Sieves: Part II Perforated Plate Test Sieves,https://archive.org/download/gov.in.is.460.2.1985/is.460.2.1985.pdf
1978,IS 460-3:1985,Test Sieves: Part-III Methods of Examination of Apertures of Test Sieves,https://archive.org/download/gov.in.is.460.3.1985/is.460.3.1985.pdf
1979,IS 1568:1970,wire  cloth for general purposes,https://archive.org/download/gov.in.is.1568.1970/is.1568.1970.pdf
1980,IS 1607:1977,Methods for test sieving,https://archive.org/download/gov.in.is.1607.1977/is.1607.1977.pdf
1981,IS 1607:2013,Methods for test sieving,https://archive.org/download/gov.in.is.1607.2013/is.1607.2013.pdf
1982,IS 2405-1:1980,"Industrial sieves, Part 1: Wire cloth sieves",https://archive.org/download/gov.in.is.2405.1.1980/is.2405.1.1980.pdf
1983,IS 2405-2:1980,"Industrial Sieves, Part II: Perforated Plates",https://archive.org/download/gov.in.is.2405.2.1980/is.2405.2.1980.pdf
1984,IS 3150:1982,Hexagonal Wire Netting for General Purposes,https://archive.org/download/gov.in.is.3150.1982/is.3150.1982.pdf
1985,IS 4124:1981,Glossary of terms relating to powders,https://archive.org/download/gov.in.is.4124.1981/is.4124.1981.pdf
1986,IS 4879:1968,eyepiece and screen gratings for the determination of the particle size of powders,https://archive.org/download/gov.in.is.4879.1968/is.4879.1968.pdf
1987,IS 4961:1968,Determination of particle size of powders by air elutriation methods,https://archive.org/download/gov.in.is.4961.1968/is.4961.1968.pdf
1988,IS 5257:1969,eyepiece and screen gratings for the determination of the particle size of powders,https://archive.org/download/gov.in.is.5257.1969/is.5257.1969.pdf
1989,IS 5258:1969,Determination of particle size of powders by the optical microscope method,https://archive.org/download/gov.in.is.5258.1969/is.5258.1969.pdf
1990,IS 5282:1969,Liquid sedimentation methods for the determination of particle size of powders,https://archive.org/download/gov.in.is.5282.1969/is.5282.1969.pdf
1991,IS 5421:1981,Glossary of terms relating to testing sieves and test sieving,https://archive.org/download/gov.in.is.5421.1981/is.5421.1981.pdf
1992,IS 5421:2013,Glossary of terms relating to testing sieves and test sieving,https://archive.org/download/gov.in.is.5421.2013/is.5421.2013.pdf
1993,IS 10483:1983,Code for designating perforations of industrial plate sieves (identical with ISO/DIS 7806),https://archive.org/download/gov.in.is.10483.1983/is.10483.1983.pdf
853,IS 10-1:1990,Plywood Tea Chests: Part 2 Plywood,https://archive.org/download/gov.in.is.10.1.1990/is.10.1.1990.pdf
854,IS 10-2:1996,Plywood Tea Chests: Part 4 Metal Fittings,https://archive.org/download/gov.in.is.10.2.1996/is.10.2.1996.pdf
855,IS 10-3:1974,Plywood Tea-Chests: Part 3 Battens,https://archive.org/download/gov.in.is.10.3.1974/is.10.3.1974.pdf
856,IS 10-4:1989,Plywood Tea Chests: Part-4 Metal Fittings,https://archive.org/download/gov.in.is.10.4.1989/is.10.4.1989.pdf
857,IS 10-5:1976,"Plywood Tea Chests, Part 5: Assembly and Packing",https://archive.org/download/gov.in.is.10.5.1976/is.10.5.1976.pdf
858,IS 190:1991,Coniferous Sawn Timber (Baulks and Scantlings),https://archive.org/download/gov.in.is.190.1991/is.190.1991.pdf
859,IS 287:1993,Permissible Moisture Content For Timber Used For Different Purposes – Recommendations,https://archive.org/download/gov.in.is.287.1993/is.287.1993.pdf
860,IS 399:1963,Classification of Commercial Timbers and Their Zonal Distribution,https://archive.org/download/gov.in.is.399.1963/is.399.1963.pdf
861,IS 401:2001,Preservation of Timber – Code of Practice,https://archive.org/download/gov.in.is.401.2001/is.401.2001.pdf
862,IS 620:1985,Wooden Tool Handles General Requirements,https://archive.org/download/gov.in.is.620.1985/is.620.1985.pdf
863,IS 656:1988,Logs for Plywood,https://archive.org/download/gov.in.is.656.1988/is.656.1988.pdf
864,IS 707:2011,"Timber Technology And Utilization of  Wood, Bamboo and Cane – Glossary of Terms",https://archive.org/download/gov.in.is.707.2011/is.707.2011.pdf
865,IS 876:1992,Wood Poles for Overhead Power And Telecommunication Lines,https://archive.org/download/gov.in.is.876.1992/is.876.1992.pdf
866,IS 1140:1988,logs for matches,https://archive.org/download/gov.in.is.1140.1988/is.1140.1988.pdf
867,IS 1141:1993,Seasoning of timber- Code of practice,https://archive.org/download/gov.in.is.1141.1993/is.1141.1993.pdf
868,IS 1150:2000,Trade names and abbreviated symbols for timber species,https://archive.org/download/gov.in.is.1150.2000/is.1150.2000.pdf
869,IS 1326:1992,Non-coniferous sawn timber (Baulks and scantlings),https://archive.org/download/gov.in.is.1326.1992/is.1326.1992.pdf
870,IS 1331:1971,cut sizes of timber,https://archive.org/download/gov.in.is.1331.1971/is.1331.1971.pdf
871,IS 1503:1988,wooden  packing cases,https://archive.org/download/gov.in.is.1503.1988/is.1503.1988.pdf
872,IS 1707:1979,wood wool for general packaging purposes,https://archive.org/download/gov.in.is.1707.1979/is.1707.1979.pdf
1872,IS 458:2003,PrecastConcretePipes (with and without Reinforcement),https://archive.org/download/gov.in.is.458.2003/is.458.2003.pdf
1873,IS 459:1992,Corrugated and semi-Corrugated Asbestos  Cement Sheets,https://archive.org/download/gov.in.is.459.1992/is.459.1992.pdf
1874,IS 783:1985,Code of Practice for Laying of Concrete Pipes,https://archive.org/download/gov.in.is.783.1985/is.783.1985.pdf
1875,IS 784:2001,Prestressed Concrete Pipes (Including Fittings),https://archive.org/download/gov.in.is.784.2001/is.784.2001.pdf
1876,IS 785:1998,Reinforced Concrete Poles for Overhead Power and Telecommunication Lines,https://archive.org/download/gov.in.is.785.1998/is.785.1998.pdf
1877,IS 1332:1986,precast reinforced  concrete street lighting poles,https://archive.org/download/gov.in.is.1332.1986/is.1332.1986.pdf
1878,IS 1592:2003,Asbestos Cement Pressure Pipes and Joints,https://archive.org/download/gov.in.is.1592.2003/is.1592.2003.pdf
1879,IS 1626-1:1994,"Asbestos cement building pipes and pipe fittings, gutters and gutter fittings and roofing fittings, Part 1: Pipe and pipe fittings",https://archive.org/download/gov.in.is.1626.1.1994/is.1626.1.1994.pdf
1880,IS 1626-2:1994,"Asbestos cement building pipes and pipe fittings, gutters and gutter fittings and roofing fittings (Part 2: Gutter and gutter fittings )",https://archive.org/download/gov.in.is.1626.2.1994/is.1626.2.1994.pdf
1881,IS 1626-3:1994,"Asbestos Cement Building types and Pipe Fittings, Gutters and Gutter Fittings and Roofing Fittings, Part 3: Roofing Fittings",https://archive.org/download/gov.in.is.1626.3.1994/is.1626.3.1994.pdf
1882,IS 1678:1998,"Prestressed concrete poles for overhead power, traction and telecommunication lines",https://archive.org/download/gov.in.is.1678.1998/is.1678.1998.pdf
1883,IS 1916:1989,Steel cylinder pipe with concrete lining and coating,https://archive.org/download/gov.in.is.1916.1989/is.1916.1989.pdf
1884,IS 2096:1992,Asbestos cement flat sheets,https://archive.org/download/gov.in.is.2096.1992/is.2096.1992.pdf
1885,IS 2098:1997,Asbestos cement building boards,https://archive.org/download/gov.in.is.2098.1997/is.2098.1997.pdf
1886,IS 2174:1962,reinforced concrete dust bins,https://archive.org/download/gov.in.is.2174.1962/is.2174.1962.pdf
1887,IS 2185-1:2005,"Concrete masonry units, Part 1: Hollow and solid concrete blocks",https://archive.org/download/gov.in.is.2185.1.2005/is.2185.1.2005.pdf
1888,IS 2185-2:1983,"concrete masonry units, Part 2: Hollow and solid lightweight concrete blocks",https://archive.org/download/gov.in.is.2185.2.1983/is.2185.2.1983.pdf
1889,IS 2185-3:1984,"concrete masonry units, Part 3: Autoclaved cellular Aerated concrete blocks",https://archive.org/download/gov.in.is.2185.3.1984/is.2185.3.1984.pdf
1890,IS 2185-4:2008,"Concrete masonry units, Part 4: Preformed foam cellular concrete blocks",https://archive.org/download/gov.in.is.2185.4.2008/is.2185.4.2008.pdf
1891,IS 2193:1986,Precast Prestressed Concrete Street Lighting Poles,https://archive.org/download/gov.in.is.2193.1986/is.2193.1986.pdf
990,IS 1950:1962,Code of practice for sound  insulation of non-industrial buildings,https://archive.org/download/gov.in.is.1950.1962/is.1950.1962.pdf
991,IS 2440:1975,Guide for Daylighting of Buildings,https://archive.org/download/gov.in.is.2440.1975/is.2440.1975.pdf
992,IS 2526:1963,Code of practice for the acoustic design of auditoriums and conference halls,https://archive.org/download/gov.in.is.2526.1963/is.2526.1963.pdf
993,IS 3103:1975,Code of Practice for Industrial Ventilation,https://archive.org/download/gov.in.is.3103.1975/is.3103.1975.pdf
994,IS 3362:1977,Code of practice for natural ventilation of residential buildings,https://archive.org/download/gov.in.is.3362.1977/is.3362.1977.pdf
995,IS 3483:1965,Code of practice for noise reduction in industrial buildings,https://archive.org/download/gov.in.is.3483.1965/is.3483.1965.pdf
996,IS 3792:1978,Guide for heat insulation of non-industrial buildings,https://archive.org/download/gov.in.is.3792.1978/is.3792.1978.pdf
997,IS 4954:1968,Recommendations for noise reduction in town planning,https://archive.org/download/gov.in.is.4954.1968/is.4954.1968.pdf
998,IS 4963:1987,Recommendations for Buildings and Facilities for the Physically Handicapped,https://archive.org/download/gov.in.is.4963.1987/is.4963.1987.pdf
999,IS 5499:1969,Code of practice for the construction of underground air-raid shelters in natural soil,https://archive.org/download/gov.in.is.5499.1969/is.5499.1969.pdf
1000,IS 6060:1971,Code of Practice for Daylighting of Factory Buildings,https://archive.org/download/gov.in.is.6060.1971/is.6060.1971.pdf
1001,IS 6074:1971,"Code of Practice for Functional Requirements of Hotels, Restaurants and other food service establishments Daylighting of Factory Buildings",https://archive.org/download/gov.in.is.6074.1971/is.6074.1971.pdf
1002,IS 7662-1:1974,"Recommendations for orientation of buildings, Part 1: Non-industrial buildings",https://archive.org/download/gov.in.is.7662.1.1974/is.7662.1.1974.pdf
1003,IS 7942:1976,Code of practice for daylighting of educational buildings,https://archive.org/download/gov.in.is.7942.1976/is.7942.1976.pdf
1004,IS 8827:1978,Recommendations for the basic requirements of school buildings,https://archive.org/download/gov.in.is.8827.1978/is.8827.1978.pdf
1005,IS 9736:1981,Glossary of terms applicable to acoustics in buildings,https://archive.org/download/gov.in.is.9736.1981/is.9736.1981.pdf
1006,IS 11050-1:1984,"Rating of sound  insulation in buildings and building elements, Part 1: Airborne sound insulation in buildings and of interior building elements",https://archive.org/download/gov.in.is.11050.1.1984/is.11050.1.1984.pdf
1007,IS 11050-2:1984,"Rating of sound insulation in buildings and of building elements, Part 2: Impact sound insulation",https://archive.org/download/gov.in.is.11050.2.1984/is.11050.2.1984.pdf
1008,IS 11050-3:1984,"Rating of sound insulation in buildings and building elements, Part 3: Airborne sound insulation of facade elements and facades",https://archive.org/download/gov.in.is.11050.3.1984/is.11050.3.1984.pdf
1009,IS 11907:1986,Recommendations for the calculation of solar radiation on buildings,https://archive.org/download/gov.in.is.11907.1986/is.11907.1986.pdf
1763,IS 4984:1995,high-density polyethene pipes for potable water supplies,https://archive.org/download/gov.in.is.4984.1995/is.4984.1995.pdf
1764,IS 4985:2000,Unplasticized PVC Pipes for Potable Water Supplies,https://archive.org/download/gov.in.is.4985.2000/is.4985.2000.pdf
1765,IS 7634-1:1975,"Code of practice for plastic pipes work for potable water supplies, Part 1: Choice of materials and general recommendations",https://archive.org/download/gov.in.is.7634.1.1975/is.7634.1.1975.pdf
1766,IS 7634-2:2012,"Plastics Pipes Selection, Handling, Storage and Installation for Potable Water Supplies Code of Practice, Part 2: Laying and jointing of polyethene (PE) pipes",https://archive.org/download/gov.in.is.7634.2.2012/is.7634.2.2012.pdf
1767,IS 7634-3:2003,"Plastics Pipe Selection, Handling, Storage and Installation for Potable Water Supplies Code of Practice: Part 3 – Laying and Jointing of UPVC Pipes",https://archive.org/download/gov.in.is.7634.3.2003/is.7634.3.2003.pdf
1768,IS 7834-1:1987,"Injection moulded PVC socket fittings with solvent cement joints for water supplies, Part 1: General requirements",https://archive.org/download/gov.in.is.7834.1.1987/is.7834.1.1987.pdf
1769,IS 7834-2:1987,"Injection moulded PVC socket fittings with solvent cement joints for water supplies, Part 2: Specific requirements for 45-degree elbows",https://archive.org/download/gov.in.is.7834.2.1987/is.7834.2.1987.pdf
1770,IS 7834-3:1987,"Injection moulded PVC socket fittings with solvent cement joints for water supplies, Part 3: Specific requirements for 90-degree elbows",https://archive.org/download/gov.in.is.7834.3.1987/is.7834.3.1987.pdf
1771,IS 7834-4:1987,"Injection moulded PVC socket fittings with solvent cement joints for water supplies, Part 4: Specific requirements for 90-degree tees",https://archive.org/download/gov.in.is.7834.4.1987/is.7834.4.1987.pdf
1772,IS 7834-5:1987,"Injection Moulded PVC Socket Fittings With Solvent  Cement Joints for Water Supplies, Part 5: Specific Requirements for 45-degree Tees",https://archive.org/download/gov.in.is.7834.5.1987/is.7834.5.1987.pdf
1773,IS 7834-6:1987,"Injection moulded PVC socket fittings with solvent cement joints for water supplies, Part 6: Specific requirements for sockets",https://archive.org/download/gov.in.is.7834.6.1987/is.7834.6.1987.pdf
1774,IS 7834-7:1987,"Injection moulded PVC socket fittings with solvent cement joints for water supplies, Part 7: Specific requirements for unions",https://archive.org/download/gov.in.is.7834.7.1987/is.7834.7.1987.pdf
1775,IS 7834-8:1987,"Injection moulded PVC socket fittings with solvent cement joints for water supplies, Part 8: Specific requirements for caps",https://archive.org/download/gov.in.is.7834.8.1987/is.7834.8.1987.pdf
1776,IS 8008-1:2003,"Injection Moulded/Machined High-Density Polyethene (HDPE) Fittings for Potable Water Supplies, Part 1: General Requirements for Fittings",https://archive.org/download/gov.in.is.8008.1.2003/is.8008.1.2003.pdf
1777,IS 8008-2:2003,"Injection Moulded/Machined High-Density Polyethene (HDPE) Fittings for Potable Water Supplies, Part 2: Specific Requirements for 90° Bends",https://archive.org/download/gov.in.is.8008.2.2003/is.8008.2.2003.pdf
1778,IS 8008-3:2003,"Injection Moulded/Machined High-Density Polyethene (HDPE) Fittings for Potable Water Supplies, Part 3: Specific Requirements for 90° TEES",https://archive.org/download/gov.in.is.8008.3.2003/is.8008.3.2003.pdf
1779,IS 8008-4:2003,"Injection Moulded/Machined High-Density Polyethene (HDPE) Fittings for Potable Water Supplies, Part 4: Specific Requirements for Reducers",https://archive.org/download/gov.in.is.8008.4.2003/is.8008.4.2003.pdf
1780,IS 8008-5:2003,"Injection Moulded/Machined High-Density Polyethene (HDPE) Fittings for Potable Water Supplies, Part 5: Specific Requirements for Ferrule Reducers",https://archive.org/download/gov.in.is.8008.5.2003/is.8008.5.2003.pdf
1781,IS 8008-6:2003,"Injection Moulded/Machined High-Density Polyethene (HDPE) Fittings for Potable Water Supplies, Part 6: Specific Requirements for Pipe Ends",https://archive.org/download/gov.in.is.8008.6.2003/is.8008.6.2003.pdf
1782,IS 8008-7:2003,"Injection Moulded/Machined High-Density Polyethene (HDPE) Fittings for Potable Water Supplies, Part 7: Specific Requirements for Sandwich Flanges",https://archive.org/download/gov.in.is.8008.7.2003/is.8008.7.2003.pdf
1508,IS 1322:1993,Bitumen felts for waterproofing and damp-proofing,https://archive.org/download/gov.in.is.1322.1993/is.1322.1993.pdf
1509,IS 1346:1991,Code of Practice for Waterproofing of Roofs with Bitumen Felts,https://archive.org/download/gov.in.is.1346.1991/is.1346.1991.pdf
1510,IS 1580:1991,bituminous compound for waterproofing and caulking purposes,https://archive.org/download/gov.in.is.1580.1991/is.1580.1991.pdf
1511,IS 1609:1991,Code of practice for laying damp-proofing treatment using bitumen felts,https://archive.org/download/gov.in.is.1609.1991/is.1609.1991.pdf
1512,IS 3036:1992,Code of practice for laying lime  concrete for a waterproofed roof finish,https://archive.org/download/gov.in.is.3036.1992/is.3036.1992.pdf
1513,IS 3037:1986,Bitumen mastic for use in the waterproofing of roofs,
1514,IS 3067:1988,Code of practice for general design details and preparatory work for damp-proofing and water-proofing of buildings,https://archive.org/download/gov.in.is.3067.1988/is.3067.1988.pdf
1515,IS 3384:1986,Bitumen primer for use in waterproofing and damp-proofing,https://archive.org/download/gov.in.is.3384.1986/is.3384.1986.pdf
1516,IS 4365:1967,Code of practice for the application of bitumen mastic for the waterproofing of roofs,https://archive.org/download/gov.in.is.4365.1967/is.4365.1967.pdf
1517,IS 4911:1986,Glossary of terms relating to bituminous waterproofing and damp-proofing of buildings,https://archive.org/download/gov.in.is.4911.1986/is.4911.1986.pdf
1518,IS 5871:1987,Bitumen mastic for tanking and damp-proofing,https://archive.org/download/gov.in.is.5871.1987/is.5871.1987.pdf
1519,IS 6494:1988,Code of practice for waterproofing of underground  water reservoirs and swimming pools,https://archive.org/download/gov.in.is.6494.1988/is.6494.1988.pdf
1520,IS 7193:1994,glass fibre base bitumen felts,https://archive.org/download/gov.in.is.7193.1994/is.7193.1994.pdf
1521,IS 7193:2013,glass fibre base bitumen felts,https://archive.org/download/gov.in.is.7193.2013/is.7193.2013.pdf
1522,IS 7198:1974,Code of practice for damp-proofing using bitumen mastic,https://archive.org/download/gov.in.is.7198.1974/is.7198.1974.pdf
1523,IS 7290:1979,Recommendations for the use of polyethene film for the waterproofing of roofs,https://archive.org/download/gov.in.is.7290.1979/is.7290.1979.pdf
1524,IS 9918:1981,Code of practice for in-situ waterproofing and damp-proofing treatments with glass fibre tissue-reinforced bitumen,https://archive.org/download/gov.in.is.9918.1981/is.9918.1981.pdf
1525,IS 12027:1987,silicone-based water repellents,https://archive.org/download/gov.in.is.12027.1987/is.12027.1987.pdf
1526,IS 12054:1987,Code of practice for the application of silicone-based water repellents,https://archive.org/download/gov.in.is.12054.1987/is.12054.1987.pdf
1527,IS 13182:1991,Waterproofing and Damp-Proofing of Wet Areas in Buildings – Recommendations,https://archive.org/download/gov.in.is.13182.1991/is.13182.1991.pdf
1378,IS 1829-1:1978,"library furniture and fittings, Part 1: Timber",https://archive.org/download/gov.in.is.1829.1.1978/is.1829.1.1978.pdf
1379,IS 1829-2:1993,"Library furniture and fittings, Part 2: Steel",https://archive.org/download/gov.in.is.1829.2.1993/is.1829.2.1993.pdf
1380,IS 1883:1983,metal shelving racks (adjustable type) – Specification,https://archive.org/download/gov.in.is.1883.1983/is.1883.1983.pdf
1381,IS 2695:1993,Drawing Filing Equipment – Specification,https://archive.org/download/gov.in.is.2695.1993/is.2695.1993.pdf
1382,IS 3312:1984,steel shelving cabinets (adjustable type) -Specification,https://archive.org/download/gov.in.is.3312.1984/is.3312.1984.pdf
1383,IS 3313:1983,Steel Filing Cabinets for General Office Purposes – Specification,https://archive.org/download/gov.in.is.3313.1983/is.3313.1983.pdf
1384,IS 3314:1984,steel clothes lockers – Specification,https://archive.org/download/gov.in.is.3314.1984/is.3314.1984.pdf
1385,IS 3497:1992,Steel wardrobes (adjustable type)-Specification,https://archive.org/download/gov.in.is.3497.1992/is.3497.1992.pdf
1386,IS 3498:1993,Metal table (office type)-Specification,https://archive.org/download/gov.in.is.3498.1993/is.3498.1993.pdf
1387,IS 3499-1:1985,"metal chairs for office purposes Specification, Part 1: Non-revolving and non-tilting",https://archive.org/download/gov.in.is.3499.1.1985/is.3499.1.1985.pdf
1388,IS 3499-2:1985,"metal chairs for office purposes Specification, Part 2: Revolving and tilting",https://archive.org/download/gov.in.is.3499.2.1985/is.3499.2.1985.pdf
1389,IS 3499-2:B):1985,"metal chairs for office purposes Specification, Part 2: Revolving and tilting (BI-LINGUAL)",https://archive.org/download/gov.in.is.3499.2.b.1985/is.3499.2.b.1985.pdf
1390,IS 3663:1991,Dimensions of tables and chairs for office purposes,https://archive.org/download/gov.in.is.3663.1991/is.3663.1991.pdf
1391,IS 3761:1983,Metal Side Racks (Adjustable Type) – Specification,https://archive.org/download/gov.in.is.3761.1983/is.3761.1983.pdf
1392,IS 3762:1979,Metal Waste Paper bins – Specification,https://archive.org/download/gov.in.is.3762.1979/is.3762.1979.pdf
1393,IS 3763:1983,metal folding chairs – Specification,https://archive.org/download/gov.in.is.3763.1983/is.3763.1983.pdf
1394,IS 3791:1983,Metal Paper Trays – Specification,https://archive.org/download/gov.in.is.3791.1983/is.3791.1983.pdf
1395,IS 3845:1966,Code of practice for joints used in wooden furniture,https://archive.org/download/gov.in.is.3845.1966/is.3845.1966.pdf
1396,IS 4103:1977,metal nesting chairs- Specification,https://archive.org/download/gov.in.is.4103.1977/is.4103.1977.pdf
1397,IS 4116:1988,wooden shelving cabinets (adjustable type) -Specification,https://archive.org/download/gov.in.is.4116.1988/is.4116.1988.pdf
1061,IS 303:1989,Plywood for General Purposes,https://archive.org/download/gov.in.is.303.1989/is.303.1989.pdf
1062,IS 652:1960,Wooden Separators for Lead-Acid Storage Batteries,https://archive.org/download/gov.in.is.652.1960/is.652.1960.pdf
1063,IS 709:1974,Specification for Medium Strength Aircraft Plywood,https://archive.org/download/gov.in.is.709.1974/is.709.1974.pdf
1064,IS 710:2010,Marine Plywood -Specification,https://archive.org/download/gov.in.is.710.2010/is.710.2010.pdf
1065,IS 848:2006,Specification for Synthetic Resin Adhesives for Plywood (Phenolic And Aminoplastic),https://archive.org/download/gov.in.is.848.2006/is.848.2006.pdf
1066,IS 851:1978,Specification for Synthetic Resin Adhesives For Construction Work (Non-Structural) in Wood,https://archive.org/download/gov.in.is.851.1978/is.851.1978.pdf
1067,IS 852:1994,Animal Glue For General Wood-Working Purposes -Specification,https://archive.org/download/gov.in.is.852.1994/is.852.1994.pdf
1068,IS 1328:1996,Veneered Decorative Plywood -Specification,https://archive.org/download/gov.in.is.1328.1996/is.1328.1996.pdf
1069,IS 1508:1972,Extenders for Use in Synthetic Resin Adhesives (Urea-formaldehyde) for Plywood- Code of Practice,https://archive.org/download/gov.in.is.1508.1972/is.1508.1972.pdf
1070,IS 1658:2006,Fibre hardboards -Specification,https://archive.org/download/gov.in.is.1658.2006/is.1658.2006.pdf
1071,IS 1659:2004,Block Boards -Specification,https://archive.org/download/gov.in.is.1659.2004/is.1659.2004.pdf
1072,IS 1734-1 to 20:1983,Methods of test for plywood,https://archive.org/download/gov.in.is.1734.1-20.1983/is.1734.1-20.1983.pdf
1073,IS 2380-1 to 21:1977,Methods of Test for Wood Particle Boards and Boards from Other Lignocellulosic Materials,https://archive.org/download/gov.in.is.2380.1-21.1977/is.2380.1-21.1977.pdf
1074,IS 2380-22:1981,"Method of test for wood particle boards and boards from other lignocellulosic materials, Part 22: Determination of surface glue ability test",https://archive.org/download/gov.in.is.2380.22.1981/is.2380.22.1981.pdf
1075,IS 2380-23:1981,"Method of test for wood particle boards and boards from other lignocellulosic materials, Part 23: Vibration tests for particle boards",https://archive.org/download/gov.in.is.2380.23.1981/is.2380.23.1981.pdf
1076,IS 3087:2005,Particle boards of wood and other lignocellulosic materials (medium density) for general purposes -Specification,https://archive.org/download/gov.in.is.3087.2005/is.3087.2005.pdf
1077,IS 3097:2006,Veneered Particle Boards -Specification,https://archive.org/download/gov.in.is.3097.2006/is.3097.2006.pdf
1078,IS 3129:1985,Specification for low-density particle boards,https://archive.org/download/gov.in.is.3129.1985/is.3129.1985.pdf
1079,IS 3308:1981,Specification for wood wool building slabs,https://archive.org/download/gov.in.is.3308.1981/is.3308.1981.pdf
1080,IS 3348:1965,Specification for fibre insulation boards,https://archive.org/download/gov.in.is.3348.1965/is.3348.1965.pdf
1479,IS 875-1:1987,"Code of Practice For Design Loads (Other Than Earthquake)For Buildings And Structures, Part 1: Dead Loads – Unit Weights of Building Material And Stored Materials (Incorporating IS 1911: 1967)",https://archive.org/download/gov.in.is.875.1.1987/is.875.1.1987.pdf
1480,IS 875-2:1987,"Code of Practice for Design Loads (Other Than Earthquake) For Buildings And Structures, Part 2: Imposed Loads",https://archive.org/download/gov.in.is.875.2.1987/is.875.2.1987.pdf
1481,IS 875-3:1987,"Code of Practice for Design Loads (Other than Earthquake) for Buildings and Structures, Part 3: Wind Loads",https://archive.org/download/gov.in.is.875.3.1987/is.875.3.1987.pdf
1482,IS 875.3:2015,Code of Practice for Design Loads (Other than Earthquake) for Buildings and Structures – Part 3: Wind Loads (IS 875: Part 3) + Amendment 2016,https://archive.org/download/gov.in.is.875.3.2015/is.875.3.2015.pdf
1483,IS 875-4:1987,"Code of Practice For Design Loads (Other Than Earthquake) For Buildings And Structures, Part 4: Snow Loads",https://archive.org/download/gov.in.is.875.4.1987/is.875.4.1987.pdf
1484,IS 875-5:1987,"Code of Practice For Design Loads (Other Than Earthquake) For Buildings And Structures, Part 5: Special Loads And Combinations",https://archive.org/download/gov.in.is.875.5.1987/is.875.5.1987.pdf
1485,SP 64:2001,Explanatory Handbook on Indian Standard Code of Practice for Design Loads (Other than Earthquake) for Buildings and Structures,https://archive.org/download/gov.in.is.sp.64.2001/is.sp.64.2001.pdf
1712,IS 7317:1993,Code of practice for uniaxial jacking test for deformation modulus of rock,https://archive.org/download/gov.in.is.7317.1993/is.7317.1993.pdf
1713,IS 7746:1991,Code of practice for the in-situ shear test on rock,https://archive.org/download/gov.in.is.7746.1991/is.7746.1991.pdf
1714,IS 8764:1998,Method of determination of the point load strength index of rocks,https://archive.org/download/gov.in.is.8764.1998/is.8764.1998.pdf
1715,IS 9143:1979,Method for the determination of the unconfined compressive strength of rock materials,https://archive.org/download/gov.in.is.9143.1979/is.9143.1979.pdf
1716,IS 9179:1979,Method for the preparation of rock specimens for laboratory testing,https://archive.org/download/gov.in.is.9179.1979/is.9179.1979.pdf
1717,IS 9221:1979,Method for the determination of modulus of elasticity and Poisson’s ratio of rock materials in uniaxial compression,https://archive.org/download/gov.in.is.9221.1979/is.9221.1979.pdf
1718,IS 10050:1981,Method for the determination of the slake durability index of rocks,https://archive.org/download/gov.in.is.10050.1981/is.10050.1981.pdf
1719,IS 10082:1981,Method of test for the determination of tensile strength by indirect tests on rock specimens,https://archive.org/download/gov.in.is.10082.1981/is.10082.1981.pdf
1720,IS 10782:1983,Method for laboratory determination of dynamic modulus of rock core specimens,https://archive.org/download/gov.in.is.10782.1983/is.10782.1983.pdf
1721,IS 11309:1985,Method of conducting a pull-out test on anchor bars and rock bolts,https://archive.org/download/gov.in.is.11309.1985/is.11309.1985.pdf
1722,IS 11315-1:1987,"Method for the quantitative description of discontinuities in rock masses, Part 1: Orientation",https://archive.org/download/gov.in.is.11315.1.1987/is.11315.1.1987.pdf
1723,IS 11315-2:1987,"Method for the quantitative description of discontinuities in the rock mass, Part 2: Spacing",https://archive.org/download/gov.in.is.11315.2.1987/is.11315.2.1987.pdf
1724,IS 11315-3:1987,"Method for the quantitative description of discontinuities in the rock mass, Part 3: Persistence",https://archive.org/download/gov.in.is.11315.3.1987/is.11315.3.1987.pdf
1725,IS 11315-4:1987,"Method for the quantitative description of discontinuities in the rock mass, Part 4: Roughness",https://archive.org/download/gov.in.is.11315.4.1987/is.11315.4.1987.pdf
1726,IS 11315-5:1987,"Method for the quantitative description of discontinuities in rock masses, Part 5: Wall strength",https://archive.org/download/gov.in.is.11315.5.1987/is.11315.5.1987.pdf
1727,IS 11315-6:1987,"Method for the quantitative description of discontinuities in rock masses, Part 6: Aperture",https://archive.org/download/gov.in.is.11315.6.1987/is.11315.6.1987.pdf
1728,IS 11315-7:1987,"Method for the quantitative description of discontinuities in the rock mass, Part 7: Filling",https://archive.org/download/gov.in.is.11315.7.1987/is.11315.7.1987.pdf
1729,IS 11315-8:1987,"Method for the quantitative description of discontinuities in the rock mass, Part 8: Seepage",https://archive.org/download/gov.in.is.11315.8.1987/is.11315.8.1987.pdf
1730,IS 11315-9:1987,"Method for the quantitative description of discontinuities in the rock mass, Part 9: Number of sets",https://archive.org/download/gov.in.is.11315.9.1987/is.11315.9.1987.pdf
1731,IS 11315-10:1987,"Method for the quantitative description of discontinuities in rock masses, Part 10: Block size",https://archive.org/download/gov.in.is.11315.10.1987/is.11315.10.1987.pdf
812,IS 1121-1:1974,"Methods of test for determination of strength properties of natural building stones, Part I: Compressive strength",https://archive.org/download/gov.in.is.1121.1.1974/is.1121.1.1974.pdf
813,IS 1121-2:1974,"Methods of Test for Determination of Strength Properties of Natural Building Stones, Part II: Transverse Strength",https://archive.org/download/gov.in.is.1121.2.1974/is.1121.2.1974.pdf
814,IS 1121-3:1974,"Methods of Test for Determination of Strength Properties of Natural Building Stones, Part III: Tensile Strength",https://archive.org/download/gov.in.is.1121.3.1974/is.1121.3.1974.pdf
815,IS 1121-4:1974,"Methods of test for determination of strength properties of natural building stones, Part IV: Shear strength",https://archive.org/download/gov.in.is.1121.4.1974/is.1121.4.1974.pdf
816,IS 1122:1974,Method of test for the determination of true specific gravity of natural building stones,https://archive.org/download/gov.in.is.1122.1974/is.1122.1974.pdf
817,IS 1123:1975,Method of identification of natural building stones,https://archive.org/download/gov.in.is.1123.1975/is.1123.1975.pdf
818,IS 1124:1974,"Method of test for determination of water absorption, apparent specific gravity and porosity of natural building stones",https://archive.org/download/gov.in.is.1124.1974/is.1124.1974.pdf
819,IS 1125:1974,Method of test for the determination of weathering of natural building stones,https://archive.org/download/gov.in.is.1125.1974/is.1125.1974.pdf
820,IS 1126:1974,Method of test for the determination of the durability of natural building stones,https://archive.org/download/gov.in.is.1126.1974/is.1126.1974.pdf
821,IS 1127:1970,Recommendations for dimensions and workmanship of natural building stones for masonry work,https://archive.org/download/gov.in.is.1127.1970/is.1127.1970.pdf
822,IS 1128:1974,Limestone (Slab and Tiles),https://archive.org/download/gov.in.is.1128.1974/is.1128.1974.pdf
823,IS 1129:1972,Recommendation of dressing natural building stones,https://archive.org/download/gov.in.is.1129.1972/is.1129.1972.pdf
824,IS 1130:1969,"marble (blocks, slabs and tiles)",https://archive.org/download/gov.in.is.1130.1969/is.1130.1969.pdf
825,IS 1706:1972,Method for the determination of resistance to wear by abrasion of natural building stones,https://archive.org/download/gov.in.is.1706.1972/is.1706.1972.pdf
826,IS 1805:1973,"Glossary of terms relating to stones, quarrying and dressing",https://archive.org/download/gov.in.is.1805.1973/is.1805.1973.pdf
827,IS 3316:1974,structural granite,https://archive.org/download/gov.in.is.3316.1974/is.3316.1974.pdf
828,IS 3620:1979,laterite stone block for masonry,https://archive.org/download/gov.in.is.3620.1979/is.3620.1979.pdf
829,IS 3622:1977,sandstone (slabs and tiles),https://archive.org/download/gov.in.is.3622.1977/is.3622.1977.pdf
830,IS 4121:1967,Method of test for the determination of water transmission rate by capillary action through natural building stones,https://archive.org/download/gov.in.is.4121.1967/is.4121.1967.pdf
830,IS 4122:1967,Method of test for surface softening of natural building stones by exposure to acidic atmospheres,https://archive.org/download/gov.in.is.4122.1967/is.4122.1967.pdf
667,IS 651:2007,Glazed Stoneware Pipe and Fittings,https://archive.org/download/gov.in.is.651.2007/is.651.2007.pdf
668,IS 771-1:1979,Glazed Fire-Clay Sanitary Appliances: Part-1 General Requirements,https://archive.org/download/gov.in.is.771.1.1979/is.771.1.1979.pdf
669,IS 771-3-1 :1979,Glazed Fire-Clay Sanitary Appliances: Part-2 Specific Requirements of Kitchen And Laboratory Sinks,https://archive.org/download/gov.in.is.771.3.1.1979/is.771.3.1.1979.pdf
670,IS 771-3-1 :1979,"Glazed Fire Clay Sanitary Appliances: Part-3 Specific Requirements of Urinals, Section 1: Slab Urinals",https://archive.org/download/gov.in.is.771.3.1.1979/is.771.3.1.1979.pdf
671,IS 771-3-2 :1985,"Glazed Fire-Clay Sanitary Appliances, Part 3: Specific Requirements of Urinals: Section 2 Stall Urinals",https://archive.org/download/gov.in.is.771.3.2.1985/is.771.3.2.1985.pdf
672,IS 771-4:1979,"Glazed Fire-Clay Sanitary Appliances, Part 4: Specific Requirements of Postmortem Slabs",https://archive.org/download/gov.in.is.771.4.1979/is.771.4.1979.pdf
673,IS 771-5:1979,"Glazed Fire-clay Sanitary Appliances, Part V: Specific Requirements of Shower Trays",https://archive.org/download/gov.in.is.771.5.1979/is.771.5.1979.pdf
674,IS 771-6:1979,"Glazed Fire-clay Sanitary Appliances, Part VI: Specific Requirements of Bed Pan Sinks",https://archive.org/download/gov.in.is.771.6.1979/is.771.6.1979.pdf
675,IS 771-7:1981,"Glazed Fire-Clay Sanitary Appliances, Part 7: Specific Requirements of Slop Sinks",https://archive.org/download/gov.in.is.771.7.1981/is.771.7.1981.pdf
676,IS 772:1973,General Requirements for Enamelled Cast Iron Sanitary Appliances,https://archive.org/download/gov.in.is.772.1973/is.772.1973.pdf
677,IS 774:2004,Flushing Cistern for Water Closets and Urinals (Other Than Plastic Cisterns),https://archive.org/download/gov.in.is.774.2004/is.774.2004.pdf
678,IS 778:1984,"Copper Alloy Gate, Globe and Check Valves for Waterworks Purposes",https://archive.org/download/gov.in.is.778.1984/is.778.1984.pdf
679,IS 779:1994,Water Meters (Domestic Type),https://archive.org/download/gov.in.is.779.1994/is.779.1994.pdf
680,IS 781:1984,Cast Copper Alloy Screw Down Bib Taps And Stop Valves for Water Services,https://archive.org/download/gov.in.is.781.1984/is.781.1984.pdf
681,IS 782:1978,Specification for Caulking Lead,https://archive.org/download/gov.in.is.782.1978/is.782.1978.pdf
682,IS 1701:1960,mixing valves for ablutionary and domestic purposes,https://archive.org/download/gov.in.is.1701.1960/is.1701.1960.pdf
683,IS 1703:2000,Water Fittings – Copper Alloy Float Valves (Horizontal Plunger Type),https://archive.org/download/gov.in.is.1703.2000/is.1703.2000.pdf
684,IS 1711:1984,self-closing taps for water supply purposes,https://archive.org/download/gov.in.is.1711.1984/is.1711.1984.pdf
685,IS 1726:1991,cast iron manhole covers and frames,https://archive.org/download/gov.in.is.1726.1991/is.1726.1991.pdf
686,IS 1795:1982,Pillar Taps for Water Supply Purposes,https://archive.org/download/gov.in.is.1795.1982/is.1795.1982.pdf
1496,IS 1893-1:2002,"Criteria for Earthquake Resistant Design of Structures, Part 1: General Provisions and Buildings",https://archive.org/download/gov.in.is.1893.1.2002/is.1893.1.2002.pdf
1497,IS 1893-4:2005,"Criteria for earthquake-resistant design of the structure, Part 4: Industrial structures, stack-like structures )",https://archive.org/download/gov.in.is.1893.4.2005/is.1893.4.2005.pdf
1498,IS 1893:1984,Criteria for earthquake-resistant design of structures,https://archive.org/download/gov.in.is.1893.1984/is.1893.1984.pdf
1499,IS 4326:1993,Code of practice for earthquake-resistant design andconstruction of buildings,https://archive.org/download/gov.in.is.4326.1993/is.4326.1993.pdf
1500,IS 4967:1968,Recommendations for seismic instrumentation for river valley projects,https://archive.org/download/gov.in.is.4967.1968/is.4967.1968.pdf
1501,IS 4991:1968,Criteria for blast-resistant design of structures for explosions above ground,https://archive.org/download/gov.in.is.4991.1968/is.4991.1968.pdf
1502,IS 6922:1973,Criteria for safety and design of structures subject to underground blasts,https://archive.org/download/gov.in.is.6922.1973/is.6922.1973.pdf
1503,IS 13827:1993,Improving earthquake resistance of earthen buildings – Guidelines,https://archive.org/download/gov.in.is.13827.1993/is.13827.1993.pdf
1504,IS 13828:1993,Improving earthquake resistance of low-strength masonry buildings – Guidelines,https://archive.org/download/gov.in.is.13828.1993/is.13828.1993.pdf
1505,IS 13920:1993,Ductile detailing of reinforced concrete structures subjected to seismic forces – Code of practice,https://archive.org/download/gov.in.is.13920.1993/is.13920.1993.pdf
1506,IS 13935:2009,"Seismic Evaluation, Repair and Strengthening of Masonry Buildings – Guidelines",https://archive.org/download/gov.in.is.13935.2009/is.13935.2009.pdf
1507,IS 15988:2013,Seismic Evaluation and Strengthening of Existing Reinforced Concrete Buildings – Guidelines,https://archive.org/download/gov.in.is.15988.2013/is.15988.2013.pdf
1666,IS 1200-1:1992,"Methods of measurement of building and civil engineering works, Part 1: Earthwork",https://archive.org/download/gov.in.is.1200.1.1992/is.1200.1.1992.pdf
1667,IS 1200-2:1974,"Method of measurement of building and civil engineering works, Part 2: concrete works",https://archive.org/download/gov.in.is.1200.2.1974/is.1200.2.1974.pdf
1668,IS 1200-3:1976,"Method of Measurement of Building and Civil Engineering Works, Part III: Brickwork",https://archive.org/download/gov.in.is.1200.3.1976/is.1200.3.1976.pdf
1669,IS 1200-4:1976,"Method of measurement of building and civil engineering works, Part 4: stone masonry",https://archive.org/download/gov.in.is.1200.4.1976/is.1200.4.1976.pdf
1670,IS 1200-5:1982,"Method of measurement of building and civil engineering works, Part 5: formwork",https://archive.org/download/gov.in.is.1200.5.1982/is.1200.5.1982.pdf
1671,IS 1200-6:1974,"Method of measurement of building and civil engineering works, Part 6: refractory work",https://archive.org/download/gov.in.is.1200.6.1974/is.1200.6.1974.pdf
1672,IS 1200-7:1972,"Method of measurement of building and civil engineering works, Part 7: Hardware",https://archive.org/download/gov.in.is.1200.7.1972/is.1200.7.1972.pdf
1673,IS 1200-8:1993,"Method of measurement of building and civil engineering works, Part 8: steelwork and ironwork",https://archive.org/download/gov.in.is.1200.8.1993/is.1200.8.1993.pdf
1674,IS 1200-9:1973,"Method of measurement of building and civil engineering works, Part 9: roof covering (including cladding)",https://archive.org/download/gov.in.is.1200.9.1973/is.1200.9.1973.pdf
1675,IS 1200-10:1973,"Method of measurement of building and civil engineering works, Part 10: ceiling and linings",https://archive.org/download/gov.in.is.1200.10.1973/is.1200.10.1973.pdf
1676,IS 1200-11:1977,"Method of measurement of building and civil engineering works: Part11 paving, floor finishes, dado and skirting",https://archive.org/download/gov.in.is.1200.11.1977/is.1200.11.1977.pdf
1677,IS 1200-12:1976,"Method of Measurement of Building and Civil Engineering Works, Part XII: Plastering and Pointing",https://archive.org/download/gov.in.is.1200.12.1976/is.1200.12.1976.pdf
1678,IS 1200-13:1994,"Method of measurement of building and civil engineering works, Part 13: Whitewashing, colour washing, distempering and painting building surfaces",https://archive.org/download/gov.in.is.1200.13.1994/is.1200.13.1994.pdf
1679,IS 1200-14:1984,"Method of measurement of building and civil engineering works, Part 14: glazing",https://archive.org/download/gov.in.is.1200.14.1984/is.1200.14.1984.pdf
1680,IS 1200-15:1987,"Method of measurement of building and civil engineering works, Part 15: painting, polishing, varnishing, etc",https://archive.org/download/gov.in.is.1200.15.1987/is.1200.15.1987.pdf
1681,IS 1200-16:1979,"Method of measurement of building and civil engineering works, Part 16: laying of water and sewer lines including appurtenant items",https://archive.org/download/gov.in.is.1200.16.1979/is.1200.16.1979.pdf
1682,IS 1200-18:1974,"Method of measurement of building and civil engineering works, Part 18: demolition and dismantling",https://archive.org/download/gov.in.is.1200.18.1974/is.1200.18.1974.pdf
1683,IS 1200-19:1981,"Method of Measurement of Building and Civil Engineering Works, Part XIX: Water Supply, Plumbing and Drains",https://archive.org/download/gov.in.is.1200.19.1981/is.1200.19.1981.pdf
1684,IS 1200-20:1981,"Method of measurement of building and civil engineering works, Part 20: laying of gas and oil pipelines",https://archive.org/download/gov.in.is.1200.20.1981/is.1200.20.1981.pdf
1685,IS 1200-21:1973,"Method of measurement of building and civil engineering works, Part 21: woodwork and joinery",https://archive.org/download/gov.in.is.1200.21.1973/is.1200.21.1973.pdf
01,IS: 269: 1989,"Ordinary  Portland Cement, 33 grade- specification",https://archive.org/download/gov.in.is.269.2013/is.269.2013.pdf
02,IS 8112:1989,"Ordinary Portland  Cement, 43 grade- specification",https://law.resource.org/pub/in/bis/S03/is.8112.1989.pdf
03,IS 12269:1987,"Ordinary Portland Cement, 53 grade- specification",https://archive.org/download/gov.in.is.12269.1987/is.12269.1987.pdf
04,IS 8041:1990,Rapid hardening Portland cement – Specification,https://law.resource.org/pub/in/bis/S03/is.8041.1990.pdf
05,IS 12330:1988,Sulphate-resisting Portland – Specification,https://law.resource.org/pub/in/bis/S03/is.12330.1988.pdf
06,IS – 455:1989,Portland Slag Cement – Specification,https://law.resource.org/pub/in/bis/S03/is.455.1989.pdf
07,IS 6909:1990,Super sulphated cement – Specification,https://law.resource.org/pub/in/bis/S03/is.6909.1990.pdf
08,IS 12600:1989,Low-heat Portland cement – Specification,https://law.resource.org/pub/in/bis/S03/is.12600.1989.pdf
09,IS: 1489-1:1991,Portland pozzolana cement Part 1 (Flyash based) – Specification,https://law.resource.org/pub/in/bis/S03/is.1489.1.1991.pdf
10,IS: 1489-2:1991,Portland pozzolana cement (calcined clay-based) – Specification,https://archive.org/download/gov.in.is.1489.2.1991/is.1489.2.1991.pdf
11,IS 8042:1989,White Portland cement – Specification,
12,IS 8043:1991,Hydrophobic Portland cement – Specification,https://law.resource.org/pub/in/bis/S03/is.8043.1991.pdf
13,IS 3466:1988,Masonry cement – Specification,https://law.resource.org/pub/in/bis/S03/is.3466.1988.pdf
14,IS 8229:1986,Oil-well cement – Specification,https://law.resource.org/pub/in/bis/S03/is.8229.1986.pdf
15,IS 6452:1989,High alumina cement for structural use – Specification,https://law.resource.org/pub/in/bis/S03/is.6452.b.1989.pdf
16,IS 650:1991,Specification for Standard Sand for Testing of Cement,https://archive.org/download/gov.in.is.650.1991/is.650.1991.pdf
17,IS 2645:2003,Integral Waterproofing Compounds for Cement Mortar and Concrete -Specification,https://archive.org/download/gov.in.is.2645.2003/is.2645.2003.pdf
18,IS 3085:1965,Method of Test for Permeability of Cement Mortar and Concrete,https://archive.org/download/gov.in.is.3085.1965/is.3085.1965.pdf
19,IS 3535:1986,Methods of sampling hydraulic cement,https://archive.org/download/gov.in.is.3535.1986/is.3535.1986.pdf
20,IS 3812-1:2013,"Specification for Pulverized Fuel Ash, Part 1: For Use as Pozzolana in Cement, Cement Mortar and Concrete",https://archive.org/download/gov.in.is.3812.1.2013/is.3812.1.2013.pdf
21,IS 3812-2:2013,"Specification for Pulverised Fuel Ash, Part 2: For Use as Admixture in Cement Mortar and Concrete",https://archive.org/download/gov.in.is.3812.2.2013/is.3812.2.2013.pdf
22,IS 4031-1:1996,"Methods of physical tests for hydraulic cement, Part 1: Determination of fineness by dry sieving",https://archive.org/download/gov.in.is.4031.1.1996/is.4031.1.1996.pdf
23,IS 4031-2:1996,"Methods of physical tests for hydraulic cement, Part 2: Determination of fineness by specific surface by the Blaine air permeability method",https://archive.org/download/gov.in.is.4031.2.1999/is.4031.2.1999.pdf
24,IS 4031-3:1988,"Methods of physical tests for hydraulic cement, Part 3: Determination of soundness",https://archive.org/download/gov.in.is.4031.3.1988/is.4031.3.1988.pdf
25,IS 4031-4:1988,"Methods of physical tests for hydraulic cement, Part 4: Determination of consistency of standard cement paste",https://archive.org/download/gov.in.is.4031.4.1988/is.4031.4.1988.pdf
26,IS 4031-5:1988,"Methods of physical tests for hydraulic cement, Part 5: Determination of initial and final setting times",https://archive.org/download/gov.in.is.4031.5.1988/is.4031.5.1988.pdf
27,IS 4031-6:1988,"Methods of physical tests for hydraulic cement, Part 6: Determination of compressive strength of hydraulic cement (other than masonry cement)",https://archive.org/download/gov.in.is.4031.6.1988/is.4031.6.1988.pdf
28,IS 4031-7:1988,"Methods of physical tests for hydraulic cement, Part 7: Determination of compressive strength of masonry cement",https://archive.org/download/gov.in.is.4031.7.1988/is.4031.7.1988.pdf
29,IS 4031-8:1988,"Methods of physical tests for hydraulic cement, Part 8: Determination of transverse and compressive strength of plastic mortar using a prism",https://archive.org/download/gov.in.is.4031.8.1988/is.4031.8.1988.pdf
30,IS 4031-9:1988,"Methods of physical tests for hydraulic cement, Part 9: Determination of heat of hydration",https://archive.org/download/gov.in.is.4031.9.1988/is.4031.9.1988.pdf
31,IS 4031-10:1988,"Methods of physical tests for hydraulic cement, Part 10: Determination of drying shrinkage",https://archive.org/download/gov.in.is.4031.10.1988/is.4031.10.1988.pdf
32,IS 4031-11:1988,"Methods of physical tests for hydraulic cement, Part 11: Determination of density",https://archive.org/download/gov.in.is.4031.11.1988/is.4031.11.1988.pdf
33,IS 4031-12:1988,"Methods of physical tests for hydraulic cement, Part 12: Determination of air content of hydraulic cement mortar",https://archive.org/download/gov.in.is.4031.12.1988/is.4031.12.1988.pdf
34,IS 4031-13:1988,"Methods of Physical Tests for Hydraulic Cement, Part 13: Measurement of Water Retentivity of Masonry Cement",https://archive.org/download/gov.in.is.4031.13.1988/is.4031.13.1988.pdf
35,IS 4031-14:1989,"Methods of physical test for hydraulic cement, Part 14: Determination of false set",https://archive.org/download/gov.in.is.4031.14.1989/is.4031.14.1989.pdf
36,IS 4031-15:1991,"Methods of physical test for hydraulic cement, Part 15: Determination of fineness by wet sieving",https://archive.org/download/gov.in.is.4031.15.1991/is.4031.15.1991.pdf
37,IS 4032:1985,Method of chemical analysis of hydraulic cement,https://archive.org/download/gov.in.is.4032.1985/is.4032.1985.pdf
38,IS 4845:1968,Definitions and terminology relating to hydraulic cement,https://archive.org/download/gov.in.is.4845.1968/is.4845.1968.pdf
39,IS 5512:1983,Specification for flow table for use in tests of hydraulic cement and pozzolanic materials,https://archive.org/download/gov.in.is.5512.1983/is.5512.1983.pdf
40,IS 8125:1976,"Dimensions and materials of cement rotary kilns, components and auxiliaries (dry process with suspension preheater)",https://archive.org/download/gov.in.is.8125.1976/is.8125.1976.pdf
41,IS 10078:1982,Specification for the jolting apparatus for testing cement,https://archive.org/download/gov.in.is.10078.1982/is.10078.1982.pdf
42,IS 10080:1982,Specification for vibration machine for standard cement mortar cubes,https://archive.org/download/gov.in.is.10080.1982/is.10080.1982.pdf
43,IS 10850:1984,Specification for apparatus for measurement of water retentivity of masonry cement,https://archive.org/download/gov.in.is.10850.1984/is.10850.1984.pdf
44,IS 10890:1984,Specification for the planetary mixer used in tests of cement and pozzolana,https://archive.org/download/gov.in.is.10890.1984/is.10890.1984.pdf
45,IS 11262:1985,Specification for a calorimeter for the determination of the heat of hydration of hydraulic cement,https://archive.org/download/gov.in.is.11262.1985/is.11262.1985.pdf
46,IS 11263:1985,Specification for cylinder measures for the determination of the air content of hydraulic cement mortar,https://archive.org/download/gov.in.is.11263.1985/is.11263.1985.pdf
47,IS 12089:1987,Specification for granulated slag for the manufacture of Portland slag cement,https://archive.org/download/gov.in.is.12089.1987/is.12089.1987.pdf
48,IS 12423:1988,Method for colourimetric analysis of hydraulic cement,https://archive.org/download/gov.in.is.12423.1988/is.12423.1988.pdf
49,IS 12803:1989,Methods of analysis of hydraulic cement by X-ray fluorescence spectrometer,https://archive.org/download/gov.in.is.12803.1989/is.12803.1989.pdf
50,IS 12813:1989,Method of analysis of hydraulic cement by atomic absorption spectrophotometer,https://archive.org/download/gov.in.is.12813.1989/is.12813.1989.pdf
51,IS 383:1970,Specification for Coarse and Fine Aggregates From Natural Sources For Concrete,https://archive.org/download/gov.in.is.383.1970/is.383.1970.pdf
52,IS 383:2016,Coarse and Fine Aggregate for Concrete – Specification,https://archive.org/download/gov.in.is.383.2016/is.383.2016.pdf
53,IS 456:2000,Plain and Reinforced Concrete – Code of Practice,https://archive.org/download/gov.in.is.456.2000/is.456.2000.pdf
54,IS 457:1957,Code of Practice for General Construction of Plain and ReinforcedConcretefor Dams and Other Massive Structures,https://archive.org/download/gov.in.is.457.1957/is.457.1957.pdf
55,IS 516:1959,Method of Tests for Strength of Concrete,https://archive.org/download/gov.in.is.516.1959/is.516.1959.pdf
56,IS 1119:1959,Methods of sampling and analysis ofconcrete,https://archive.org/download/gov.in.is.1199.1959/is.1199.1959.pdf
57,IS 1343:1980,Code of Practice for Prestressed Concrete,https://archive.org/download/gov.in.is.1343.1980/is.1343.1980.pdf
58,IS 2386-1:1963,"Methods of Test for Aggregates for Concrete, Part I: Particle Size and Shape",https://archive.org/download/gov.in.is.2386.1.1963/is.2386.1.1963.pdf
59,IS 2386-2:1963,"Methods of test for aggregates for concrete, Part 2: Estimation of harmful materials and organic impurities",https://archive.org/download/gov.in.is.2386.2.1963/is.2386.2.1963.pdf
60,IS 2386-3:1963,"Methods of test for aggregates for concrete, Part 3: Specific gravity, density, voids, absorption and bulking",https://archive.org/download/gov.in.is.2386.3.1963/is.2386.3.1963.pdf
60,IS 2386-4:1963,"Methods of test for aggregates for concrete, Part 4: Mechanical properties",https://archive.org/download/gov.in.is.2386.4.1963/is.2386.4.1963.pdf
62,IS 2386-5:1963,"Methods of Test for Aggregates for Concrete, Part V: Soundness",https://archive.org/download/gov.in.is.2386.5.1963/is.2386.5.1963.pdf
63,IS 2386-6:1963,"Methods of test for aggregates for concrete, Part 6: Measuring mortar-making properties of fine aggregates",https://archive.org/download/gov.in.is.2386.6.1963/is.2386.6.1963.pdf
64,IS 2386-7:1963,"Methods of Test for Aggregates for Concrete, Part VII: Alkali Aggregate Reactivity",https://archive.org/download/gov.in.is.2386.7.1963/is.2386.7.1963.pdf
65,IS 2386-8:1963,"Methods of Test for Aggregates for Concrete, Part VIII: Petrographic Examination",https://archive.org/download/gov.in.is.2386.8.1963/is.2386.8.1963.pdf
66,IS 2430:1986,Methods for Sampling of Aggregates for Concrete,https://archive.org/download/gov.in.is.2430.1986/is.2430.1986.pdf
67,IS 2502:1963,Code of Practice for Bending and Fixing of Bars for Concrete Reinforcement,https://archive.org/download/gov.in.is.2502.1963/is.2502.1963.pdf
68,IS 2645:2003,Integral Waterproofing Compounds forCementMortar and Concrete -Specification,https://archive.org/download/gov.in.is.2645.2003/is.2645.2003.pdf
69,IS 2770-1:1967,"Methods of testing bond in reinforced concrete, Part 1: Pull-out test",https://archive.org/download/gov.in.is.2770.1.1967/is.2770.1.1967.pdf
70,IS 3085:1965,Method of Test for Permeability of Cement Mortar and Concrete,https://archive.org/download/gov.in.is.3085.1965/is.3085.1965.pdf
71,IS 3370-1:2009,"Code of practice Concrete structures for the storage of liquids, Part 1: General requirements",https://archive.org/download/gov.in.is.3370.1.2009/is.3370.1.2009.pdf
72,IS 3370-2:2009,"Code of Practice Concrete structures for the storage of liquids, Part 2: Reinforced concrete structures",https://archive.org/download/gov.in.is.3370.2.2009/is.3370.2.2009.pdf
73,IS 3370-3:2009,"Code of Practice Concrete structures for the storage of liquids, Part 3: Prestressed concrete structures",https://archive.org/download/gov.in.is.3370.3.1967/is.3370.3.1967.pdf
74,IS 3370-4:2009,"Code of practice for concrete structures for the storage of liquids, Part 4: Design tables",https://archive.org/download/gov.in.is.3370.4.1967/is.3370.4.1967.pdf
75,IS 3558:1983,Code of practice for the use of immersion vibrators for consolidating concrete,https://archive.org/download/gov.in.is.3558.1983/is.3558.1983.pdf
76,IS 3812-1:2003,"Specification for Pulverised Fuel Ash, Part 1: For Use as Pozzolana in Cement, Cement Mortar and Concrete",https://archive.org/download/gov.in.is.3812.1.2003/is.3812.1.2003.pdf
77,IS 3812-1:2013,"Specification for Pulverised Fuel Ash, Part 1: For Use as Pozzolana in Cement, Cement Mortar and Concrete",https://archive.org/download/gov.in.is.3812.1.2013/is.3812.1.2013.pdf
78,IS 3812-2:2003,"Specification for Pulverised Fuel Ash, Part 2: For Use as Admixture in Cement Mortar and Concrete",https://archive.org/download/gov.in.is.3812.2.2003/is.3812.2.2003.pdf
79,IS 3812-2:2013,"Specification for Pulverised Fuel Ash, Part 2: For Use as Admixture in Cement Mortar and Concrete",https://archive.org/download/gov.in.is.3812.2.2013/is.3812.2.2013.pdf
80,IS 4634:1991,Methods for testing the performance of batch-type concrete mixers,https://archive.org/download/gov.in.is.4634.1991/is.4634.1991.pdf
81,IS 4926:2003,Code of Practice Ready-Mixed Concrete,https://archive.org/download/gov.in.is.4926.2003/is.4926.2003.pdf
82,IS 5525:1969,Recommendations for detailing reinforcement in reinforced concrete works,https://archive.org/download/gov.in.is.5525.1969/is.5525.1969.pdf
83,IS 5816:1999,Method of Test Splitting Tensile Strength of Concrete,https://www.iitk.ac.in/ce/test/IS-codes/is.5816.1999.pdf
84,IS 6461-1:1972,"Glossary of terms relating to cement concrete, Part I: Concrete aggregates",https://archive.org/download/gov.in.is.6461.1.1972/is.6461.1.1972.pdf
85,IS 6461-2:1972,"Glossary of terms relating to cement concrete, Part II: Materials (Other than Cement and Aggregate)",https://archive.org/download/gov.in.is.6461.2.1972/is.6461.2.1972.pdf
86,IS 6461-3:1972,"Glossary of terms relating to cement concrete, Part III: concrete reinforcement",https://archive.org/download/gov.in.is.6461.3.1972/is.6461.3.1972.pdf
87,IS 6461-4:1972,"Glossary of terms relating to cement concrete, Part 4: Types of Concrete",https://archive.org/download/gov.in.is.6461.4.1972/is.6461.4.1972.pdf
88,IS 6461-5:1972,"Glossary of terms relating to cement concrete, Part 5: Formwork for concrete",https://archive.org/download/gov.in.is.6461.5.1972/is.6461.5.1972.pdf
89,IS 6461-6:1972,"Glossary of terms relating to cement concrete, Part 6: Equipment, tools and plant",https://archive.org/download/gov.in.is.6461.6.1972/is.6461.6.1972.pdf
90,IS 6461-7:1973,"Glossary of Terms Relating to Cement Concrete, Part 7: Mixing, Laying, Compaction, Curing and Other Construction Aspects",https://archive.org/download/gov.in.is.6461.7.1973/is.6461.7.1973.pdf
91,IS 6461-8:1973,"Glossary of terms relating to cement concrete, Part 8: Properties of concrete",https://archive.org/download/gov.in.is.6461.8.1973/is.6461.8.1973.pdf
92,IS 6461-9:1973,"Glossary of terms relating to cement concrete, Part 9: Structural aspects",https://archive.org/download/gov.in.is.6461.9.1973/is.6461.9.1973.pdf
93,IS 6461-10:1973,"Glossary of Terms Relating to Cement Concrete, Part 10: Tests and Testing Apparatus",https://archive.org/download/gov.in.is.6461.10.1973/is.6461.10.1973.pdf
94,IS 6461-11:1973,"Glossary of terms relating to cement concrete, Part 11: Prestressed concrete",https://archive.org/download/gov.in.is.6461.11.1973/is.6461.11.1973.pdf
95,IS 6461-12:1973,"Glossary of terms relating to cement concrete, Part 12: Miscellaneous",https://archive.org/download/gov.in.is.6461.12.1973/is.6461.12.1973.pdf
96,IS 6925:1973,Specification for Methods of Test for Determination of Water-Soluble Chlorides in Concrete Admixtures,https://archive.org/download/gov.in.is.6925.1973/is.6925.1973.pdf
97,IS 7246:1974,Recommendations for the use of table vibrators for consolidating concrete,https://archive.org/download/gov.in.is.7246.1974/is.7246.1974.pdf
98,IS 7320:1974,Specification for concrete slump test apparatus,https://archive.org/download/gov.in.is.7320.1974/is.7320.1974.pdf
99,IS 7325:1974,Specification for apparatus for determining constituents of fresh concrete,https://archive.org/download/gov.in.is.7325.1974/is.7325.1974.pdf
100,IS 8142:1976,Method of test for determining the setting time of concrete by penetration resistance,https://archive.org/download/gov.in.is.8142.1976/is.8142.1976.pdf
101,IS 9013:1978,"Method of making, curing and determining compressive strength of accelerated-cured concrete test specimens",https://archive.org/download/gov.in.is.9013.1978/is.9013.1978.pdf
102,IS 9103:1999,Specification for Concrete Admixtures,https://archive.org/download/gov.in.is.9103.1999/is.9103.1999.pdf
103,IS 9142:1974,Specification for Artificial Lightweight Aggregates for Concrete Masonry Units,https://archive.org/download/gov.in.is.9142.1979/is.9142.1979.pdf
104,IS 9284:1979,Method of test for abrasion resistance of concrete,https://archive.org/download/gov.in.is.9284.1979/is.9284.1979.pdf
105,IS 9399:1979,Specification for apparatus for flexural testing of concrete,https://archive.org/download/gov.in.is.9399.1979/is.9399.1979.pdf
106,IS 9459:1980,"Specification for apparatus for use in measurement of length change of hardened  cement paste, mortar and  concrete",https://archive.org/download/gov.in.is.9459.1980/is.9459.1980.pdf
107,IS 9799:1981,Specification for pressure meter for the determination of air content of freshly mixed concrete,https://archive.org/download/gov.in.is.9799.1981/is.9799.1981.pdf
108,IS 10079:1982,Specification for cylindrical metal measures for use in tests of aggregates and concrete,https://archive.org/download/gov.in.is.10079.1982/is.10079.1982.pdf
109,IS 10086:1982,Specification for moulds for use in tests of cement and concrete,https://archive.org/download/gov.in.is.10086.1982/is.10086.1982.pdf
110,IS 10262:2009,Guidelines for concrete mix design proportioning,https://archive.org/download/gov.in.is.10262.2009/is.10262.2009.pdf
111,IS 11993:1987,Code of practice for the use of screed board concrete vibrators,https://archive.org/download/gov.in.is.11993.1987/is.11993.1987.pdf
112,IS 12119:1987,General requirements for pan mixers for concrete,https://archive.org/download/gov.in.is.12119.1987/is.12119.1987.pdf
113,IS 14687:1999,Guidelines for falsework for concrete structures,https://archive.org/download/gov.in.is.14687.1999/is.14687.1999.pdf
114,IS 14858:2000,Requirements for a compression testing machine used for testing concrete and mortar,https://archive.org/download/gov.in.is.14858.2000/is.14858.2000.pdf
115,IS 14959-1:2001,"Method of Test determination of water-soluble and acid-soluble chlorides in mortar and concrete, Part 1: Fresh mortar and concrete",https://archive.org/download/gov.in.is.14959.1.2001/is.14959.1.2001.pdf
116,IS 14959-2:2001,"Method of Test determination of water-soluble and acid-soluble chlorides in mortar and concrete, Part 2: Hardened mortar and concrete",https://archive.org/download/gov.in.is.14959.2.2001/is.14959.2.2001.pdf
117,SP 16:1980,Requirements for a compression testing machine used for testing concrete and mortar,https://archive.org/download/gov.in.is.sp.16.1980/is.sp.16.1980.pdf
118,SP 23:1982,Handbook on Concrete Mixes,https://archive.org/download/gov.in.is.sp.23.1982/is.sp.23.1982.pdf
119,SP 24:1983,Explanatory Handbook on Indian Standard Code of Practice for Plain and Reinforced Concrete (IS 456:1978),https://archive.org/download/gov.in.is.sp.24.1983/is.sp.24.1983.pdf
120,SP 34:1984,Handbook on Concrete Reinforcement and Detailing,https://archive.org/download/gov.in.is.sp.34.1987/is.sp.34.1987.pdf
1122,IS 884:1985,Specification for First-Aid Hose-Reel For Fire Fighting,https://archive.org/download/gov.in.is.884.1985/is.884.1985.pdf
1123,IS 901:1988,"Specification for Couplings, Double Male And Double Female, Instantaneous Pattern For Fire Fighting",https://archive.org/download/gov.in.is.901.1988/is.901.1988.pdf
1124,IS 902:1992,Specification for Suction  Hose Couplings For Fire Fighting Purposes,https://archive.org/download/gov.in.is.902.1992/is.902.1992.pdf
1125,IS 903:1993,"Specification for  Fire Hose Delivery Couplings, Branch Pipe, Nozzles And Nozzle Spanner – Specification",https://archive.org/download/gov.in.is.903.1993/is.903.1993.pdf
1126,IS 904:1983,Specification for 2-Way And 3-Way Suction Collecting Heads For Fire Fighting Purposes,https://archive.org/download/gov.in.is.903.1993/is.903.1993.pdf
1127,IS 905:1980,"Specification for Delivery Breechings, Dividing And Collecting Instantaneous Pattern For Fire Fighting Purposes",https://archive.org/download/gov.in.is.905.1980/is.905.1980.pdf
1128,IS 906:1988,Specification for Revolving Branch Pipe For Fire Fighting,https://archive.org/download/gov.in.is.906.1988/is.906.1988.pdf
1129,IS 907:1984,"Specification for Suction Strainers, Cylindrical Type For Fire Fighting Purposes",https://archive.org/download/gov.in.is.907.1984/is.907.1984.pdf
1130,IS 908:1975,"Specification for Fire Hydrant, Stand Post Type",https://archive.org/download/gov.in.is.908.1975/is.908.1975.pdf
1131,IS 909:1992,"Specification for Underground Fire Hydrant, Sluice Valve Type",https://archive.org/download/gov.in.is.909.1992/is.909.1992.pdf
1132,IS 910:1980,"Specification for Combined Key For Hydrant, Hydrant Cover And Lower Valve",https://archive.org/download/gov.in.is.910.1980/is.910.1980.pdf
1133,IS 926:1985,Specification For Fireman’s Axe,https://archive.org/download/gov.in.is.926.1985/is.926.1985.pdf
1134,IS 927:1981,Specification For Fire Hooks,https://archive.org/download/gov.in.is.927.1981/is.927.1981.pdf
1135,IS 928:1984,Specification For Fire Bells,https://archive.org/download/gov.in.is.928.1984/is.928.1984.pdf
1136,IS 937:1981,Specification for Washers ForWaterFittings For Fire Fighting Purposes,https://archive.org/download/gov.in.is.937.1981/is.937.1981.pdf
1137,IS 939:1977,Specification for Snatch Block for Use with Fibre Rope for Fire Brigade Use,https://archive.org/download/gov.in.is.939.1977/is.939.1977.pdf
1138,IS 940:2003,"Specification for Portable Fire Extinguisher, Water Type (Gas Cartridge)",https://archive.org/download/gov.in.is.940.2003/is.940.2003.pdf
1139,IS 941:1985,Specification for Blower and Exhauster for Fire Fighting,https://archive.org/download/gov.in.is.941.1985/is.941.1985.pdf
1140,IS 942:1982,Functional Requirements for 275 1/Min Portable Pump Set for Fire Fighting,https://archive.org/download/gov.in.is.942.1982/is.942.1982.pdf
1141,IS 943:1979,Functional Requirements for 680-1/Min Trailer Pump For Fire Brigade Use,https://archive.org/download/gov.in.is.943.1979/is.943.1979.pdf
1994,IS 14458-1:1998,"Guidelines for retaining wall for hill area, Part 1: Selection of the type of wall",https://archive.org/download/gov.in.is.14458.1.1998/is.14458.1.1998.pdf
1995,IS 14458-2:1997,"Guidelines for retaining wall for hill area, Part 2: Design of retaining/breast walls",https://archive.org/download/gov.in.is.14458.2.1997/is.14458.2.1997.pdf
1996,IS 14458-3:1998,"Guidelines for retaining wall for hill area, Part 3: Construction of dry stone walls",https://archive.org/download/gov.in.is.14458.3.1998/is.14458.3.1998.pdf
1997,IS 14496-2:1998,"Guidelines for the preparation of landslide – Hazard zonation maps in mountainous terrains, Part 2: Macro-zonation",https://archive.org/download/gov.in.is.14496.2.1998/is.14496.2.1998.pdf
1998,IS 14680:1999,Landslide Control – Guidelines,https://archive.org/download/gov.in.is.14680.1999/is.14680.1999.pdf
1999,IS 14804:2000,"Siting, Design and Selection of Materials for Residential Buildings in Hilly Areas – Guidelines",https://archive.org/download/gov.in.is.14804.2000/is.14804.2000.pdf
2000,IS 14961:2001,Guidelines for Rainwater Harvesting in Hilly Areas by Roof Water Collection System,https://archive.org/download/gov.in.is.14961.2001/is.14961.2001.pdf
234,IS 833:1994,Design of Structural Timber In Building -Code of Practice,https://archive.org/download/gov.in.is.883.1994/is.883.1994.pdf
235,IS 965:1963,"Equivalent Metric Units For Scales, Dimensions and Quantities In General Construction Work",https://archive.org/download/gov.in.is.965.1963/is.965.1963.pdf
236,IS 1414:1989,Code of practice for fixing wall coverings,https://archive.org/download/gov.in.is.1414.1989/is.1414.1989.pdf
237,IS 1414-1:1971,"Code of Practice for Painting of Ferrous Metals in Buildings, Part 1: Pretreatment",https://archive.org/download/gov.in.is.1477.1.1971/is.1477.1.1971.pdf
238,IS 1414-2:1971,"Code of practice for the painting of ferrous metals in buildings, Part 2: Painting",https://archive.org/download/gov.in.is.1477.2.1971/is.1477.2.1971.pdf
239,IS 1597-1:1992,"Construction of Stone Masonry – Code of Practice, Part 1: Rubble Stone Masonry",https://archive.org/download/gov.in.is.1597.1.1992/is.1597.1.1992.pdf
240,IS 1597-2:1992,"Code of practice for construction of stone masonry, Part 2: Ashlar masonry",https://archive.org/download/gov.in.is.1597.2.1992/is.1597.2.1992.pdf
241,IS 1634:1992,Code of practice for the design and construction of wood stairs for houses,https://archive.org/download/gov.in.is.1634.1992/is.1634.1992.pdf
242,IS 1649:1962,Code of practice for design and construction of flues and chimneys for domestic heating appliances,https://archive.org/download/gov.in.is.1649.1962/is.1649.1962.pdf
243,IS 1834:1984,Hot Applied Sealing Compounds for Joints in Concrete- Specification,https://archive.org/download/gov.in.is.1834.1984/is.1834.1984.pdf
244,IS 1838-1:1983,Preformed fillers for expansion joints in  concrete pavement and structures (non-extruding and resilient type): Part 1 Bitumen impregnated fibre – Specification,https://archive.org/download/gov.in.is.1838.1.1983/is.1838.1.1983.pdf
245,IS 1838-2:1984,Preformed fillers for expansion joints in concrete pavement and structure (non-extruding and resilient type) Part 2 CNSL Aldehyde resin and coconut pith – Specification,https://archive.org/download/gov.in.is.1838.2.1984/is.1838.2.1984.pdf
246,IS 1838-3:2011,Preformed Fillers for Expansion Joints in  Concrete Pavements and Structures(non-extruding and resilient type) Part 3 Polymer-Based,https://archive.org/download/gov.in.is.1838.3.2011/is.1838.3.2011.pdf
247,IS 1905:1987,Code of Practice for Structural Use of Unreinforced Masonry,https://archive.org/download/gov.in.is.1905.1987/is.1905.1987.pdf
248,IS 1946:1961,"Code of practice for the use of fixing devices in walls, ceilings and floors of solid construction",https://archive.org/download/gov.in.is.1946.1961/is.1946.1961.pdf
249,IS 2110:1980,Code of practice for in-situ construction of walls in buildings with soil-cement,https://archive.org/download/gov.in.is.2110.1980/is.2110.1980.pdf
250,IS 2115:1980,Code of practice for flat-roof finish: mud phuska,https://archive.org/download/gov.in.is.2115.1980/is.2115.1980.pdf
251,IS 2116:1980,Sand for masonry mortars – Specification,https://archive.org/download/gov.in.is.2116.1980/is.2116.1980.pdf
252,IS 2118:1980,Code of Practice for Construction of Jack-Arch Type of Bult-up Floor or Roof,https://archive.org/download/gov.in.is.2118.1980/is.2118.1980.pdf
253,IS 2119:1980,Code of practice for the construction of brick-cum-concrete composite (Madras terrace) floor and roof,https://archive.org/download/gov.in.is.2119.1980/is.2119.1980.pdf
186,IS 712:1984,Specification for Building Limes,https://archive.org/download/gov.in.is.712.1984/is.712.1984.pdf
187,IS 1624:1986,Method of field testing of building  lime,https://archive.org/download/gov.in.is.1624.1986/is.1624.1986.pdf
188,IS 1635:1992,Code of practice for field slaking of building lime and preparation of putty,https://archive.org/download/gov.in.is.1635.1992/is.1635.1992.pdf
189,IS 1849-1-1:1990,"Design and installation of vertical mixed-feed lime kiln guide, Part 1:  Limestone, Section 1: Masonry-type shaft",https://archive.org/download/gov.in.is.1849.1.1.1990/is.1849.1.1.1990.pdf
190,IS 1849-1-2:1991,"Design and installation of vertical mixed feed type lime kiln guide, Part 1: For limestone, Section 2: RCC type shaft",https://archive.org/download/gov.in.is.1849.1.2.1991/is.1849.1.2.1991.pdf
191,IS 1861-1:1990,"Guide for the manufacture of lime in vertical mixed-feed type kiln, Part 1: From lime-stone",https://archive.org/download/gov.in.is.1861.1.1990/is.1861.1.1990.pdf
192,IS 2095-1:2011,"Gypsum Plaster Boards, Part 1: Plain Gypsum Plaster Boards",https://archive.org/download/gov.in.is.2095.1.2011/is.2095.1.2011.pdf
193,IS 2095-2:2001,"Gypsum Plaster Boards, Part 2: Coated/Laminated Gypsum Plaster Boards",https://archive.org/download/gov.in.is.2095.2.2001/is.2095.2.2001.pdf
194,IS 2095-3:1996,"gypsum plaster boards, Part 3: Reinforced Gypsum plasterboards",https://archive.org/download/gov.in.is.2095.3.1996/is.2095.3.1996.pdf
195,IS 2469:1976,Glossary of terms relating to gypsum,https://archive.org/download/gov.in.is.2469.1976/is.2469.1976.pdf
196,IS 2541:1991,"Gypsum Building Plaster, Part 1: Excluding premixed lightweight plaster",https://archive.org/download/gov.in.is.2541.1991/is.2541.1991.pdf
197,IS 2547-1:1976,non-load-bearing gypsum partition blocks (solid and hollow types),https://archive.org/download/gov.in.is.2547.1.1976/is.2547.1.1976.pdf
198,IS 2547-2:1976,"gypsum building plaster, Part 2: Premixed lightweight plaster",https://archive.org/download/gov.in.is.2547.2.1976/is.2547.2.1976.pdf
199,IS 2686:1977,Cinder as Fine Aggregates for use in Lime Concrete,https://archive.org/download/gov.in.is.2686.1977/is.2686.1977.pdf
200,IS 2849:1983,lime-based blocks,https://archive.org/download/gov.in.is.2849.1983/is.2849.1983.pdf
201,IS 3068:1986,broken brick (burnt clay) coarse aggregates for use in lime concrete,https://archive.org/download/gov.in.is.3068.1986/is.3068.1986.pdf
202,IS 3115:1992,Method of test for building limes: Determination of carbon dioxide content,https://archive.org/download/gov.in.is.3115.1992/is.3115.1992.pdf
203,IS 3182:1986,broken brick (burnt clay) fine aggregates for use in lime mortar,https://archive.org/download/gov.in.is.3182.1986/is.3182.1986.pdf
204,IS 4098:1983,lime-pozzolana mixture,https://archive.org/download/gov.in.is.4098.1983/is.4098.1983.pdf
205,IS 4139:1989,calcium silicate bricks,https://archive.org/download/gov.in.is.4139.1989/is.4139.1989.pdf
206,IS 5817:1992,Code of practice for preparation and use of lime-pozzolana mixture concrete in buildings and roads,https://law.resource.org/pub/in/bis/S03/is.5817.1992.pdf
207,IS 6508:1988,Glossary of terms relating to building lime,https://archive.org/download/gov.in.is.6508.1988/is.6508.1988.pdf
208,IS 6932-1:1973,"Method of test for building limes, Part 1: Determination of insoluble residue, loss on ignition, insoluble matter,silicon dioxide, ferric and aluminium oxide, calcium oxide and magnesium oxide",https://archive.org/download/gov.in.is.6932.1.1973/is.6932.1.1973.pdf
209,IS 6932-2:1973,Method of test for building limes: Determination of residue on slaking of quicklime,https://archive.org/download/gov.in.is.6932.2.1973/is.6932.2.1973.pdf
210,IS 6932-3:1973,Method of test for building limes: Determination of fineness of hydrated lime,https://archive.org/download/gov.in.is.6932.3.1973/is.6932.3.1973.pdf
211,IS 6932-4:1973,Method of test for building limes: Determination of soundness,https://archive.org/download/gov.in.is.6932.4.1973/is.6932.4.1973.pdf
212,IS 6932-5:1973,"Method of test for building limes: Determination of unhydrated oxide, Part V: Determination of unhydrated oxide",https://archive.org/download/gov.in.is.6932.5.1973/is.6932.5.1973.pdf
213,IS 6932-6:1973,"Method of test for building limes, Part VI: Determination of volume yield of quicklime",https://archive.org/download/gov.in.is.6932.6.1973/is.6932.6.1973.pdf
214,IS 6932-7:1973,"Method of test for building limes, Part VII: Determination of compressive and transverse strength",https://archive.org/download/gov.in.is.6932.7.1973/is.6932.7.1973.pdf
215,IS 6932-8:1973,"Method of test for building limes, Part VIII: Determination of workability",https://archive.org/download/gov.in.is.6932.8.1973/is.6932.8.1973.pdf
216,IS 6932-9:1973,Code of practice for the manufacture and use of lime-pozzolana concrete blocks for paving,https://archive.org/download/gov.in.is.6932.9.1973/is.6932.9.1973.pdf
217,IS 6932-10:1973,"Methods of Tests for Building Limes, Part X: Determination of Popping and Pitting of Hydrated Lime",https://archive.org/download/gov.in.is.6932.10.1973/is.6932.10.1973.pdf
218,IS 6932-11:1983,"Methods of Tests for Building Limes, Part 11: Determination of Setting Time of Hydrated Lime",https://archive.org/download/gov.in.is.6932.11.1983/is.6932.11.1983.pdf
219,IS 8272:1984,gypsum plaster for use in the manufacture of fibrous plaster boards,https://archive.org/download/gov.in.is.8272.1984/is.8272.1984.pdf
220,IS 9498:1980,inorganic aggregates for use in gypsum plaster,https://archive.org/download/gov.in.is.9498.1980/is.9498.1980.pdf
221,IS 10049:1981,Code of practice for the manufacture of lime-based blocks,https://archive.org/download/gov.in.is.10049.1981/is.10049.1981.pdf
222,IS 10359:1982,quick-setting lime pozzolana mixture,https://archive.org/download/gov.in.is.10359.1982/is.10359.1982.pdf
223,IS 10360:1982,lime-pozzolana concrete blocks for paving,https://archive.org/download/gov.in.is.10360.1982/is.10360.1982.pdf
224,IS 10772:1983,Low-grade gypsum use in the building industry: Code of practice,https://archive.org/download/gov.in.is.10772.1983/is.10772.1983.pdf
225,IS 12654:1989,Pulverised Fuel Ash-Lime Bricks,https://archive.org/download/gov.in.is.12654.1989/is.12654.1989.pdf
226,IS 12679:1989,"By-product gypsum for use in plaster, blocks and boards",https://archive.org/download/gov.in.is.12679.1989/is.12679.1989.pdf
227,IS 12894:2002,Guidelines for the manufacture of gypsum plaster in the mechanised pan system,https://archive.org/download/gov.in.is.12894.2002/is.12894.2002.pdf
228,IS 13001:1991,Pulverised fuel ash for lime-pozzolana mixture applications.,https://archive.org/download/gov.in.is.13001.1991/is.13001.1991.pdf
229,IS 14401:1996,Guidelines for handling and storage of building limes,https://archive.org/download/gov.in.is.14401.1996/is.14401.1996.pdf
230,IS 1486:2000,Guidelines on Fuel Saving in Vertical Mixed-feed Lime Shaft Kilns,https://archive.org/download/gov.in.is.14860.2000/is.14860.2000.pdf
231,IS 15648:2006,Pulverized fuel ash for lime-pozzolana mixture applications.,https://archive.org/download/gov.in.is.15648.2006/is.15648.2006.pdf
232,IS 2542-1-1To12:1978,"Methods of Test for Gypsum Plaster, Concrete and Products, Part I: Plaster and Concrete",https://archive.org/download/gov.in.is.iec.2542.1.1-12.1978/is.iec.2542.1.1-12.1978.pdf
233,IS 2542-2-1To8:1981,"Methods of Test for Gypsum Plaster, Concrete and Products, Part II: Gypsum Products",https://archive.org/download/gov.in.is.iec.2542.2.1-8.1981/is.iec.2542.2.1-8.1981.pdf
1486,IS 2210:1988,Criteria for design ofreinforced  concreteshell structures and folded plates,https://archive.org/download/gov.in.is.2210.1988/is.2210.1988.pdf
1487,IS 3935:1966,Code of practice for composite construction,https://archive.org/download/gov.in.is.3935.1966/is.3935.1966.pdf
1488,IS 4090:1967,Criteria for design of reinforced concrete arches,https://archive.org/download/gov.in.is.4090.1967/is.4090.1967.pdf
1489,IS 4995-1:1974,"Criteria for design of reinforced concrete bins for storage of granular and powdery materials, Part 1: General requirements and assessment of bin loads",https://archive.org/download/gov.in.is.4995.1.1974/is.4995.1.1974.pdf
1490,IS 4995-2:1974,"Criteria for Design of Reinforced  Concrete Bins for Storage of Granular and Powdery Materials, Part II: Design Criteria",https://archive.org/download/gov.in.is.4995.2.1974/is.4995.2.1974.pdf
1491,IS 4998-1:1992,"Criteria for design of reinforced concrete chimneys, Part 1: Assessment of loads",https://archive.org/download/gov.in.is.4998.1.1992/is.4998.1.1992.pdf
1492,IS 11384:1985,Code of Practice forCompositeConstruction in Structural Steel and Concrete,https://archive.org/download/gov.in.is.11384.1985/is.11384.1985.pdf
1493,IS 11504:1985,Criteria for the structural design of reinforced concrete natural draught cooling towers,https://archive.org/download/gov.in.is.11504.1985/is.11504.1985.pdf
1494,IS 11682:1985,Criteria for design of RCC staging for overhead water tanks,https://archive.org/download/gov.in.is.11682.1985/is.11682.1985.pdf
1495,SP 43:1987,Handbook on Structures with Reinforced Concrete Portal Frames (Without Cranes),https://archive.org/download/gov.in.is.sp.43.1987/is.sp.43.1987.pdf
1017,IS 204-1:1991,Tower Bolts – Specification: Part 1 Ferrous Metals,https://archive.org/download/gov.in.is.204.1.1991/is.204.1.1991.pdf
1018,IS 204-2:1992,Tower Bolts – Specification Part 2 Non-Ferrous Metals,https://archive.org/download/gov.in.is.204.2.1992/is.204.2.1992.pdf
1019,IS 205:1992,Non-Ferrous Metal Butt Hinges -Specification,https://archive.org/download/gov.in.is.206.2010/is.206.2010.pdf
1020,IS 206:2010,Tee and Strap Hinges – Specification,https://archive.org/download/gov.in.is.206.2010/is.206.2010.pdf
1021,IS 208:1996,Door Handles -Specification,https://archive.org/download/gov.in.is.208.1996/is.208.1996.pdf
1022,IS 281:2009,Mild Steel Sliding Door Bolts for Use With Padlocks -Specification,https://archive.org/download/gov.in.is.281.2009/is.281.2009.pdf
1023,IS 362:1991,Parliament Hinges -Specification,https://archive.org/download/gov.in.is.362.1991/is.362.1991.pdf
1024,IS 363:1993,Hasps and Staples -Specification,https://archive.org/download/gov.in.is.363.1993/is.363.1993.pdf
1025,IS 364:1993,Fanlight Catch -Specification,https://archive.org/download/gov.in.is.364.1993/is.364.1993.pdf
1026,IS 452:1973,"Door Spring, Rat-Tail Type – Specification",https://archive.org/download/gov.in.is.452.1973/is.452.1973.pdf
1027,IS 453:1993,Double-Acting Spring Hinges -Specification,https://archive.org/download/gov.in.is.453.1993/is.453.1993.pdf
1028,IS 1019:1974,Specification For Rim Latches,https://archive.org/download/gov.in.is.1019.1974/is.1019.1974.pdf
1029,IS 1341:1992,Steel butt hinges,https://archive.org/download/gov.in.is.1341.1992/is.1341.1992.pdf
1030,IS 1823:1980,Specification for floor door stoppers,https://archive.org/download/gov.in.is.1823.1980/is.1823.1980.pdf
1031,IS 1837:1966,Specification for fanlight pivots,https://archive.org/download/gov.in.is.1837.1966/is.1837.1966.pdf
1032,IS 2681:1993,Non-ferrous metal sliding door bolts (drops) with padlocks -Specification,https://archive.org/download/gov.in.is.2681.1993/is.2681.1993.pdf
1033,IS 3564:1995,Hydraulically Regulated Door Closers -Specification,https://archive.org/download/gov.in.is.3564.1995/is.3564.1995.pdf
1034,IS 3818:1992,Continuous (Piano) hinges -Specification,https://archive.org/download/gov.in.is.3818.1992/is.3818.1992.pdf
1035,IS 3828:1966,Specification for ventilator chains,https://archive.org/download/gov.in.is.3828.1966/is.3828.1966.pdf
1036,IS 3843:1995,Steel back flap hinges -Specification,https://archive.org/download/gov.in.is.3843.1995/is.3843.1995.pdf
1542,IS 1080:1985,"Code of Practice For Design And Construction Of Shallow Foundations In Soils (Other Than Raft, Ring, and Shell)",https://archive.org/download/gov.in.is.1080.1985/is.1080.1985.pdf
1543,IS 1498:1970,Classification and identification of soils for general engineering purposes,https://archive.org/download/gov.in.is.1498.1970/is.1498.1970.pdf
1544,IS 1888:1982,Method of load test on soils,https://archive.org/download/gov.in.is.1888.1982/is.1888.1982.pdf
1545,IS 1892:1979,Code of practice for subsurface investigation for foundations,https://archive.org/download/gov.in.is.1892.1979/is.1892.1979.pdf
1546,IS 1904:1986,Code of practice for design and construction of foundations in soils: General requirements,https://archive.org/download/gov.in.is.1904.1986/is.1904.1986.pdf
1547,IS 2131:1981,Method for the standard penetration test for soils,https://archive.org/download/gov.in.is.2131.1981/is.2131.1981.pdf
1548,IS 2132:1986,Code of practice for thin-walled tube sampling of soils,https://archive.org/download/gov.in.is.2132.1986/is.2132.1986.pdf
1549,IS 2720-1:1983,"Methods of test for soils, Part 1: Preparation of dry  soil samples for various tests",https://archive.org/download/gov.in.is.2720.1.1983/is.2720.1.1983.pdf
1550,IS 2720-2:1973,"Methods of test for soils, Part 2: Determination of water content",https://archive.org/download/gov.in.is.2720.2.1973/is.2720.2.1973.pdf
1551,IS 2720-3-1:1980,"Methods of test for soils, Part 3: Determination of specific gravity, Section 1: Fine-grained soils",https://archive.org/download/gov.in.is.2720.3.1.1980/is.2720.3.1.1980.pdf
1552,IS 2720-3-2:1980,"Methods of test for soils, Part 3: Determination of specific gravity, Section 2: Fine, medium and coarse-grained soils",https://archive.org/download/gov.in.is.2720.3.2.1980/is.2720.3.2.1980.pdf
1553,IS 2720-4:1985,"Methods of test for soils, Part 4: Grain size analysis",https://archive.org/download/gov.in.is.2720.4.1985/is.2720.4.1985.pdf
1554,IS 2720-5:1985,"Methods of test for soils, Part 5: Determination of liquid and plastic limit",https://archive.org/download/gov.in.is.2720.5.1985/is.2720.5.1985.pdf
1555,IS 2720-6:1972,"Methods of test for soils, Part 6: Determination of shrinkage factors",https://archive.org/download/gov.in.is.2720.6.1972/is.2720.6.1972.pdf
1556,IS 2720-7:1980,"Methods of test for soils, Part 7: Determination of water content-dry density relation using light compaction",https://archive.org/download/gov.in.is.2720.7.1980/is.2720.7.1980.pdf
1557,IS 2720-8:1983,"Methods of test for soils, Part 8: Determination of water content-dry density relation using heavy compaction",https://archive.org/download/gov.in.is.2720.8.1983/is.2720.8.1983.pdf
1558,IS 2720-9:1992,"Methods of test for soils, Part 9: Determination of dry density- moisture content relation by constant mass of soil method",https://archive.org/download/gov.in.is.2720.9.1992/is.2720.9.1992.pdf
1559,IS 2720-10:1991,"Methods of test for soils, Part 10: Determination of unconfined compressive strength",https://archive.org/download/gov.in.is.2720.10.1991/is.2720.10.1991.pdf
1560,IS 2720-11:1993,"Methods of test for soils, Part 11: Determination of the shear strength parameters of a specimen tested in unconsolidated undrained triaxial compression without the measurement of pore water pressure",https://archive.org/download/gov.in.is.2720.11.1993/is.2720.11.1993.pdf
1561,IS 2720-12:1981,"Methods of test for soils, Part 12: Determination of shear strength parameters of soil from consolidated undrained triaxial compression test with measurement of pore water pressure",https://archive.org/download/gov.in.is.2720.12.1981/is.2720.12.1981.pdf
1695,SP 7 Group 1:2005,National Building Code of India 2005 – Group 1,https://archive.org/download/gov.in.is.sp.7.1.2005/is.sp.7.1.2005.pdf
1696,SP 7 Group 2:2005,National Building Code of India 2005 – Group 2,https://archive.org/download/gov.in.is.sp.7.2.2005/is.sp.7.2.2005.pdf
1697,SP 7 Group 3:2005,National Building Code of India 2005 – Group 3,https://archive.org/download/gov.in.is.sp.7.3.2005/is.sp.7.3.2005.pdf
1698,SP 7 Group 4:2005,National Building Code of India 2005 – Group 4,https://archive.org/download/gov.in.is.sp.7.4.2005/is.sp.7.4.2005.pdf
1699,SP 7 Group 5:2005,National Building Code of India 2005 – Group 5,https://archive.org/download/gov.in.is.sp.7.5.2005/is.sp.7.5.2005.pdf
1700,SP 7:2005,Reconstituted National Building Code of India 2005 – (Groups 1 to 5),https://archive.org/download/gov.in.is.sp.7.2005/is.sp.7.2005.a4.print.pdf
1438,IS 1641:1988,Code of practice for fire safety of buildings (general): General principles of fire grading and classification,https://archive.org/download/gov.in.is.1641.1988/is.1641.1988.pdf
1439,IS 1642:1989,Code of practice for fire safety of buildings (general): Details of construction,https://archive.org/download/gov.in.is.1642.1989/is.1642.1989.pdf
1440,IS 1643:1988,Code of practice for fire safety of buildings (general): Exposure hazard,https://archive.org/download/gov.in.is.1643.1988/is.1643.1988.pdf
1441,IS 1644:1988,Code of practice for fire safety of buildings (general): Exit requirements and personal hazard,https://archive.org/download/gov.in.is.1644.1988/is.1644.1988.pdf
1442,IS 1644:2013,Code of practice for fire safety of buildings (general): Exit requirements and personal hazard,https://archive.org/download/gov.in.is.1644.2013/is.1644.2013.pdf
1443,IS 1646:1997,Code of practice for fire safety of buildings (general): Electrical installations,https://archive.org/download/gov.in.is.1646.1997/is.1646.1997.pdf
1444,IS 2726:1988,Code of practice for fire safety of industrial buildings: Cotton ginning and pressing (including cotton seed delivering)factories,https://archive.org/download/gov.in.is.2726.1988/is.2726.1988.pdf
1445,IS 3034:1993,Fire Safety of Industrial Buildings: Electrical Generating and Distributing Stations – Code of Practice,https://archive.org/download/gov.in.is.3034.1993/is.3034.1993.pdf
1446,IS 3058:1990,Code of practice for fire safety of industrial buildings: Viscose rayon yarn and/or staple fibre plants,https://archive.org/download/gov.in.is.3058.1990/is.3058.1990.pdf
1447,IS 3079:1990,Code of practice for fire safety of industrial buildings: Cotton textile mills,https://archive.org/download/gov.in.is.3079.1990/is.3079.1990.pdf
1448,IS 3594:1991,"Code of practice for fire safety of industrial buildings: General storage and warehousing, including cold storage",https://archive.org/download/gov.in.is.3594.1991/is.3594.1991.pdf
1449,IS 3595:2002,Code of Practice for Fire Safety of Industrial Buildings: Coal Pulverisers and Associated Equipments,https://archive.org/download/gov.in.is.3595.2002/is.3595.2002.pdf
1450,IS 3614-1:1966,"Fire-check Doors, Part I: Plate, Metal Covered and Rolling Type",https://archive.org/download/gov.in.is.3614.1.1966/is.3614.1.1966.pdf
1451,IS 3614-2:1992,Metallic and non-metallic fire check doors – Resistance test and performance criteria,https://archive.org/download/gov.in.is.3614.2.1992/is.3614.2.1992.pdf
1452,IS 3808:1979,Method of test for non-combustibility of building materials,https://archive.org/download/gov.in.is.3808.1979/is.3808.1979.pdf
1453,IS 3809:1979,Fire resistance test for structures,https://archive.org/download/gov.in.is.3809.1979/is.3809.1979.pdf
1454,IS 3836:2000,Fire Safety of Industrial Buildings – Jute Mills – Code of Practice,https://archive.org/download/gov.in.is.3836.2000/is.3836.2000.pdf
1455,IS 4226:1988,Code of practice for fire safety of industrial buildings: Aluminium/Magnesium powder factories,https://archive.org/download/gov.in.is.4226.1988/is.4226.1988.pdf
1456,IS 4886:1991,Code of practice for fire safety of industrial buildings: Tea factories,https://archive.org/download/gov.in.is.4886.1991/is.4886.1991.pdf
1457,IS 6329:2000,Code of Practice for Fire Safety of Industrial Buildings – Saw Mills and Wood Works,https://archive.org/download/gov.in.is.6329.2000/is.6329.2000.pdf
121,IS 800:2007,General Construction In Steel – Code of Practice,https://archive.org/download/gov.in.is.800.2007/is.800.2007.pdf
122,IS 801:1975,Code of Practice for Use of Cold-Formed Light Gauge Steel Structural Members In General Building Construction,https://archive.org/download/gov.in.is.801.1975/is.801.1975.pdf
123,IS 802-1-1:1995,"Code of Practice for Use of Structural Steel In Overhead Transmission Line Towers, Part 1 Materials,Loads and Permissible Stresses, Section 1: Materials and Loads",https://archive.org/download/gov.in.is.802.1.1.1995/is.802.1.1.1995.pdf
124,IS 802-1-2:1992,"Code of Practice for Use of Structural Steel In Overhead Transmission Line Towers, Part 1: Material,Loads and Permissible Stress, Section 2: Permissible Stress",https://archive.org/download/gov.in.is.802.1.2.1992/is.802.1.2.1992.pdf
125,IS 802-2:1978,"Code of Practice for Use of Structural Steel In Overhead Transmission Line Towers, Part 1: Materials,Loads and Permissible Stresses, Section 1: Materials and Loads",https://archive.org/download/gov.in.is.802.2.1978/is.802.2.1978.pdf
126,IS 802-3:1978,"Code of Practice for Use of Structural Steel In Overhead Transmission Line Towers, Part 3 Testing",https://archive.org/download/gov.in.is.802.3.1978/is.802.3.1978.pdf
127,IS 803:1946,"Code of Practice for Use of Structural Steel in Overhead Transmission Line Towers, Part 2: Fabrication, Galvanising,Inspection and Packing",https://archive.org/download/gov.in.is.803.1976/is.803.1976.pdf
128,IS 804:1967,Rectangular Pressed Steel Tanks –,https://archive.org/download/gov.in.is.804.1967/is.804.1967.pdf
129,IS 805:1968,Code of Practice for Use of Steel in Gravity Water Tanks,https://archive.org/download/gov.in.is.805.1968/is.805.1968.pdf
130,IS 806:1968,Code of Practice for Use of Steel Tubes In General Building Construction,https://archive.org/download/gov.in.is.806.1968/is.806.1968.pdf
131,IS 808:1989,"Code of Practice for Design, Fabrication and Erection of Vertical Mild Steel Cylindrical Welded Oil Storage Tanks",https://archive.org/download/gov.in.is.808.1989/is.808.1989.pdf
132,IS 811:1987,Cold Formed Light Gauge Structural Steel Sections –,https://archive.org/download/gov.in.is.811.1987/is.811.1987.pdf
133,IS 1173:1978,Hot rolled and slit steel tee bars,https://archive.org/download/gov.in.is.1173.1978/is.1173.1978.pdf
134,IS 1252:1991,Hot-rolled steel bulb angles: Dimensions,https://archive.org/download/gov.in.is.1252.1991/is.1252.1991.pdf
135,IS 1730:1989,Hot-rolled and slit steel tee bars,https://archive.org/download/gov.in.is.1730.1989/is.1730.1989.pdf
136,IS 1732:1989,Steel Bars are round and square for structural and general engineering purposes,https://archive.org/download/gov.in.is.1732.1989/is.1732.1989.pdf
137,IS 1852:1985,"Dimensions for steel plates, sheets, strips and flats for general engineering purposes",https://archive.org/download/gov.in.is.1852.1985/is.1852.1985.pdf
138,IS 1863:1979,rolled steel bulb flats,https://archive.org/download/gov.in.is.1863.1979/is.1863.1979.pdf
139,IS 1864:1979,Hot-rolled steel L-sections for shipbuilding,https://archive.org/download/gov.in.is.1864.1979/is.1864.1979.pdf
140,IS 2314:1986,Steel Sheet Piling Sections,https://archive.org/download/gov.in.is.2314.1986/is.2314.1986.pdf
141,IS 2713-1to3:1980,Tubular Steel Poles for Overhead Power Lines,https://archive.org/download/gov.in.is.2713.1-3.1980/is.2713.1-3.1980.pdf
142,IS 2750:1964,Steel Scaffoldings,https://archive.org/download/gov.in.is.2750.1964/is.2750.1964.pdf
143,IS 3443:1980,Crane rail sections,https://archive.org/download/gov.in.is.3443.1980/is.3443.1980.pdf
144,IS 3908:1986,Aluminium equal leg angles,https://archive.org/download/gov.in.is.3908.1986/is.3908.1986.pdf
145,IS 3909:1986,Aluminium Unequal Leg Angles,https://archive.org/download/gov.in.is.3909.1986/is.3909.1986.pdf
146,IS 3921:1985,Aluminium channels,https://archive.org/download/gov.in.is.3921.1985/is.3921.1985.pdf
147,IS 3954:1991,Hot Rolled Steel Channel Sections for General Engineering Purposes – Dimensions,https://archive.org/download/gov.in.is.3954.1991/is.3954.1991.pdf
148,IS 3964:1980,Light rails,https://archive.org/download/gov.in.is.3964.1980/is.3964.1980.pdf
149,IS 4000:1992,Code of practice for high-strength bolts in steel structures,https://archive.org/download/gov.in.is.4000.1992/is.4000.1992.pdf
150,IS 4014-1:1967,"Code of practice for steel tubular scaffolding, Part 1: Definitions and materials",https://archive.org/download/gov.in.is.4014.1.1967/is.4014.1.1967.pdf
151,IS 5384:1985,Rolling and cutting tolerances for hot-rolled steel products,https://archive.org/download/gov.in.is.5384.1985/is.5384.1985.pdf
152,IS 5488:1987,Dimensions and dimensional tolerances for hot rolled steel plates for the ship’s hull structure,https://archive.org/download/gov.in.is.5488.1987/is.5488.1987.pdf
153,IS 6445:1985,Aluminium tee-sections,https://archive.org/download/gov.in.is.6445.1985/is.6445.1985.pdf
154,IS 6449:1987,Aluminium bulb angles for marine application,https://archive.org/download/gov.in.is.6449.1987/is.6449.1987.pdf
155,IS 6475:1987,Aluminium tee bars for marine application,https://archive.org/download/gov.in.is.6475.1987/is.6475.1987.pdf
156,IS 6476:1987,Aluminium bulb plates for marine application,https://archive.org/download/gov.in.is.6476.1987/is.6476.1987.pdf
157,IS 6533-1:1989,"Code of practice for design and construction of steel chimneys, Part 1: Mechanical aspects",https://archive.org/download/gov.in.is.6533.1.1989/is.6533.1.1989.pdf
158,IS 6533-2:1989,"Code of practice for design and construction of steel chimneys, Part 2: Structural aspects",https://archive.org/download/gov.in.is.6533.2.1989/is.6533.2.1989.pdf
159,IS 7205:1974,Safety code for the erection of Structural Steelwork,https://archive.org/download/gov.in.is.7205.1974/is.7205.1974.pdf
160,IS 7215:1974,Dimensions and dimensional tolerances for hot-rolled steel plates for the ship’s hull structure,https://archive.org/download/gov.in.is.7215.1974/is.7215.1974.pdf
161,IS 7452:1990,"Specification for hot-rolled steel sections for doors, windows and ventilators",https://archive.org/download/gov.in.is.7452.1990/is.7452.1990.pdf
162,IS 8081:1976,slotted sections,https://archive.org/download/gov.in.is.8081.1976/is.8081.1976.pdf
163,IS 8147:1976,Tolerances for the fabrication of steel structures,https://archive.org/download/gov.in.is.8147.1976/is.8147.1976.pdf
164,IS 8640:1977,Code of Practice for the Use of Aluminium Alloys in Structures,https://archive.org/download/gov.in.is.8640.1977/is.8640.1977.pdf
165,IS 9178-1:1979,"Criteria for Design of Steel Bins for Storage of Bulk Materials, Part 1: General Requirements and Assessment of Loads",https://archive.org/download/gov.in.is.9178.1.1979/is.9178.1.1979.pdf
166,IS 9178-2:1979,"Criteria for Design of Steel Bins for Storage of Bulk Materials, Part 2: Design Criteria",https://archive.org/download/gov.in.is.9178.2.1979/is.9178.2.1979.pdf
167,IS 9178-3:1980,"Criteria for Design of Steel Bins for Storage of Bulk Materials, Part 3: Bins Designed for Mass Flow and Funnel Flow",https://archive.org/download/gov.in.is.9178.3.1980/is.9178.3.1980.pdf
168,IS 9964-1:1981,"Recommendations for maintenance and operation of petroleum storage tanks, Part 1:Preparation of tanks for safe entry and work",https://archive.org/download/gov.in.is.9964.1.1981/is.9964.1.1981.pdf
169,IS 9964-2:1981,"Recommendations for Maintenance and Operation of Petroleum Storage Tanks, Part 2: Inspection",https://archive.org/download/gov.in.is.9964.2.1981/is.9964.2.1981.pdf
170,IS 10182-1:1982,"Dimensions and Tolerances for Hot Rolled Track Shoe Sections, Part I: Section TS-L1",https://archive.org/download/gov.in.is.10182.1.1982/is.10182.1.1982.pdf
171,IS 10182-2:1985,"Dimensions and tolerances for hot-rolled track shoe sections, Part 2: Section TS-H1",https://archive.org/download/gov.in.is.10182.2.1985/is.10182.2.1985.pdf
172,IS 10787:1992,"Code of practice for design, fabrication, testing and installation of underground/above-ground horizontalcylindrical storage tanks for petroleum products",https://archive.org/download/gov.in.is.10987.1992/is.10987.1992.pdf
173,IS 12778:2004,"Hot Rolled Parallel Flange Steel Sections for Beams, Columns and Bearing Piles – Dimensions and Section Properties",https://archive.org/download/gov.in.is.12778.2004/is.12778.2004.pdf
174,IS 12779:1989,ISI Handbook for Structural Engineers -Part 1 Structural Steel Sections,https://archive.org/download/gov.in.is.12779.1989/is.12779.1989.pdf
175,IS 12843:1989,Tolerances for the erection of steel structures,https://archive.org/download/gov.in.is.12843.1989/is.12843.1989.pdf
176,IS 15663-1:2006,"Design and installation of natural gas pipelines – Code of Practice, Part 1: Laying of pipelines",https://archive.org/download/gov.in.is.15663.1.2006/is.15663.1.2006.pdf
177,IS 15663-2:2006,"Design and installation of natural gas pipelines – Code of Practice, Part 2: Laying of pipelines in crossings",https://archive.org/download/gov.in.is.15663.2.2006/is.15663.2.2006.pdf
178,IS 15663-3:2006,Design and installation of natural gas pipelines – Code of Practice: Part 3 Pre-commissioning and commissioning of pipelines,https://archive.org/download/gov.in.is.15663.3.2006/is.15663.3.2006.pdf
179,SP 6-1:1964,ISI Handbook for Structural Engineers -Part 4 Use of High Strength Friction Grip Bolts,https://archive.org/download/gov.in.is.sp.6.1.1964/is.sp.6.1.1964.pdf
180,SP 6-2:1962,ISI Handbook for Structural Engineers -Part 3 Steel Columns and Struts,https://archive.org/download/gov.in.is.sp.6.2.1962/is.sp.6.2.1962.pdf
181,SP 6-3:1962,ISI Handbook for Structural Engineers -Part 2 Steel Beams and Plate Girders,https://archive.org/download/gov.in.is.sp.6.3.1962/is.sp.6.3.1962.pdf
182,SP 6-4:1969,"Handbook for Structural Engineers -Part 5 Cold-Formed, Light-Gauge Steel Structures",https://archive.org/download/gov.in.is.sp.6.4.1969/is.sp.6.4.1969.pdf
183,SP 6-5:1980,Handbook for Structural Engineers -Part 6 Application of Plastic Theory In Design of Steel Structures,https://archive.org/download/gov.in.is.sp.6.5.1980/is.sp.6.5.1980.pdf
184,SP 6-6:1972,Handbook for Structural Engineers -Part 7: Simple Welded Girders,https://archive.org/download/gov.in.is.sp.6.6.1972/is.sp.6.6.1972.pdf
185,SP 6-7:1972,Recommendations for dimensional parameters for an industrial building,https://archive.org/download/gov.in.is.sp.6.7.1972/is.sp.6.7.1972.pdf
1259,IS 1172:1993,"Code of Basic Requirements for  Water Supply, Drainage and Sanitation",https://archive.org/download/gov.in.is.1172.1993/is.1172.1993.pdf
1260,IS 1742:1983,Code of practice for building drainage,https://archive.org/download/gov.in.is.1742.1983/is.1742.1983.pdf
1261,IS 2064:1993,"Code of practice for the selection, installation and maintenance of sanitary appliances",https://archive.org/download/gov.in.is.2064.1993/is.2064.1993.pdf
1262,IS 2065:1983,Code of practice for  water supply in buildings,https://archive.org/download/gov.in.is.2065.1983/is.2065.1983.pdf
1263,IS 2470-1:1985,"Code of practice for installation of septic tanks, Part I: design, criteria and construction",https://archive.org/download/gov.in.is.2470.1.1985/is.2470.1.1985.pdf
1264,IS 2470-2:1985,"Code of practice for installation of septic tanks, Part II: Secondary treatment and disposal of septic tank effluent",https://archive.org/download/gov.in.is.2470.2.1985/is.2470.2.1985.pdf
1265,IS 3114:1994,Code of practice for laying cast iron pipes,https://archive.org/download/gov.in.is.3114.1994/is.3114.1994.pdf
1266,IS 4111-1:1986,"Code of practice for ancillary structures in the sewerage system, Part I: Manholes",https://archive.org/download/gov.in.is.4111.1.1986/is.4111.1.1986.pdf
1267,IS 4111-2:1985,"Code of practice for ancillary structures in the sewerage system, Part II: Flushing tanks",https://archive.org/download/gov.in.is.4111.2.1985/is.4111.2.1985.pdf
1268,IS 4111-3:1985,"Code of practice for ancillary structures in the sewerage system, Part III: Inverted syphon",https://archive.org/download/gov.in.is.4111.3.1985/is.4111.3.1985.pdf
1269,IS 4111-4:1968,"Code of Practice for Ancillary Structures in Sewerage System, Part IV: Pumping Stations and Pumping Mains (Rising mains)",https://archive.org/download/gov.in.is.4111.4.1968/is.4111.4.1968.pdf
1270,IS 4111-5:1993,"Code of practice for ancillary structures in the sewerage system, Part 5: Tidal outfalls",https://archive.org/download/gov.in.is.4111.5.1993/is.4111.5.1993.pdf
1271,IS 4127:1983,Code of practice for laying glazed stoneware pipes,https://archive.org/download/gov.in.is.4127.1983/is.4127.1983.pdf
1272,IS 5329:1983,Code of practice for sanitary pipe work above ground for buildings,https://archive.org/download/gov.in.is.5329.1983/is.5329.1983.pdf
1273,IS 5611:1987,Code of Practice for Construction of Waste Stabilisation Ponds (Facultative Type),https://archive.org/download/gov.law.is.5611.1987/is.5611.1987.pdf
1274,IS 5822:1994,Code of Practice for Laying of Electrically Welded Steel Pipes for Water Supply,https://archive.org/download/gov.in.is.5822.1994/is.5822.1994.pdf
1275,IS 6279:1971,equipment for grit removal devices,https://archive.org/download/gov.in.is.6279.1971/is.6279.1971.pdf
1276,IS 6280:1971,sewage screens,https://archive.org/download/gov.in.is.6280.1971/is.6280.1971.pdf
1277,IS 6295:1986,Code of practice for water supply and drainage in high altitudes and sub-zero temperature regions,https://archive.org/download/gov.in.is.6295.1986/is.6295.1986.pdf
1278,IS 6924:1973,Code of Practice for the Construction of Refuse Chutes in Multi-storeyed Buildings,https://archive.org/download/gov.in.is.6924.1973/is.6924.1973.pdf
1701,IS 4651-1:1974,"Code of practice for planning and design of ports and harbours, Part 1: Site investigation",https://archive.org/download/gov.in.is.4651.1.1974/is.4651.1.1974.pdf
1702,IS 4651-2:1989,"Code of practice for planning and design of ports and harbours, Part 2: Earth pressure",https://archive.org/download/gov.in.is.4651.2.1989/is.4651.2.1989.pdf
1703,IS 4651-3:1974,"Code of Practice for Planning and Design of Ports and Harbours, Part III: Loading",https://archive.org/download/gov.in.is.4651.3.1974/is.4651.3.1974.pdf
1704,IS 4651-4:1989,"Code of practice for planning and design of ports and harbours, Part 4: General design consideration",https://archive.org/download/gov.in.is.4651.4.1989/is.4651.4.1989.pdf
1705,IS 4651-5:1980,"Code of practice for planning and design of ports and harbours, Part 5: Layout and functional requirements",https://archive.org/download/gov.in.is.4651.5.1980/is.4651.5.1980.pdf
1706,IS 7314:1974,Glossary of terms relating to port and harbour engineering,https://archive.org/download/gov.in.is.7314.1974/is.7314.1974.pdf
1707,IS 9527-1:1981,"Code of practice for design and construction of port and harbour structures, Part 1:  Concrete monoliths",https://law.resource.org/pub/in/bis/S03/is.9527.1.1981.pdf
1708,IS 9527-3:1983,"Code of practice for design and construction of port and harbour structures, Part 3: Sheet pile walls",https://archive.org/download/gov.in.is.9527.3.1983/is.9527.3.1983.pdf
1709,IS 9527-4:1980,"Code of practice for design and construction of port and harbour structures, Part 4: Cellular sheet pile structures",https://archive.org/download/gov.in.is.9527.4.1980/is.9527.4.1980.pdf
1710,IS 9527-6:1989,"Code of practice for design andconstructionof port and harbour structures, Part 6: Block work",https://archive.org/download/gov.in.is.9527.6.1989/is.9527.6.1989.pdf
1711,IS 10020-4:1981,"Recommendations for design and construction of port and harbour components, Part 4: Slipways",https://archive.org/download/gov.in.is.10020.4.1981/is.10020.4.1981.pdf
518,IRC SP 014:1980,A Manual for the Application of the Critical Path Method to Highway Projects in India,https://law.resource.org/pub/in/bis/irc/irc.gov.in.sp.014.1980.pdf
408,IRC 046:1972,A Policy on Roadside Advertisements (First Revision),https://law.resource.org/pub/in/bis/irc/irc.gov.in.046.1972.pdf
565,IRC SP 060:2002,An Approach Document for Assessment of the Remaining Life of Concrete Bridges,https://law.resource.org/pub/in/bis/irc/irc.gov.in.sp.060.2002.pdf
566,IRC SP 061:2004,An Approach Document on Whole Life Costing for Bridges in India,https://law.resource.org/pub/in/bis/irc/irc.gov.in.sp.061.2004.pdf
629,IRC SP 110:2017,Application of Intelligent Transport System for Urban Roads,https://law.resource.org/pub/in/bis/irc/irc.gov.in.sp.110.2017.pdf
556,IRC SP 052:1999,Bridge Inspector Reference Manual,https://law.resource.org/pub/in/bis/irc/irc.gov.in.sp.052.1999.pdf
513,IRC SP 004:1965,Bridge Loadings Around The World,https://law.resource.org/pub/in/bis/irc/irc.gov.in.sp.004.1966.pdf
504,IRC 124:2017,Bus Rapid Transit (BRT) Design Guidelines for Indian Cities,https://law.resource.org/pub/in/bis/irc/irc.gov.in.124.2017.pdf
630,IRC SP 111:2017,Capacity Building of Road Agencies In Charge of Implementation of Road Projects in Urban Areas,https://law.resource.org/pub/in/bis/irc/irc.gov.in.sp.111.2017.pdf
491,IRC 112:2011,Code of Practice for Concrete Road Bridges,https://law.resource.org/pub/in/bis/irc/irc.gov.in.112.2011.pdf
492,IRC 112:2020,Code of Practice for Concrete Road Bridges,https://law.resource.org/pub/in/bis/irc/irc.gov.in.112.2020.pdf
373,IRC 015:2017,Code of Practice for Construction of Jointed Plain Concrete Pavements (Fifth Revision),https://law.resource.org/pub/in/bis/irc/irc.gov.in.015.2017.pdf
453,IRC 084:1983,Code of Practice for Curing of Cement Concrete Pavements,https://law.resource.org/pub/in/bis/irc/irc.gov.in.084.1983.pdf
445,IRC 082:2015,Code of Practice for Maintenance of Bituminous Road Surfaces (First Revision) (without CD),https://law.resource.org/pub/in/bis/irc/irc.gov.in.082.2015.pdf
444,IRC 082:1982,Code of Practice for Maintenance of Bituminous Surfaces of Highways,https://law.resource.org/pub/in/bis/irc/irc.gov.in.082.1982.pdf
395,IRC 035:2015,Code of Practice for Road Markings (Second Revision),https://law.resource.org/pub/in/bis/irc/irc.gov.in.035.2015.pdf
429,IRC 067:2012,Code of Practice for Road Signs (Third Revision),https://law.resource.org/pub/in/bis/irc/irc.gov.in.067.2012.pdf
377,IRC 018:1995,Criteria for Prestressed Concrete Road Bridges (Post-Tensioned Concrete) (Second Revision),https://civilpracticalknowledge.com/wp-content/uploads/2022/12/IRC-018-1985-PCRB-civilpracticalknowledge.pdf
378,IRC 018:2000,Design Criteria for Prestressed Concrete Road Bridges (Post-Tensioned Concrete) (Third Revision),https://law.resource.org/pub/in/bis/irc/irc.gov.in.018.2000.pdf
360,IRC 003:1983,Dimensions and Weights of Road Design Vehicles,https://law.resource.org/pub/in/bis/irc/irc.gov.in.003.1983.pdf
1962,IS 432-1:1982,"Mild Steel and Medium Tensile Steel Bars and Hard-Drawn Steel Wire for  Concrete Reinforcement, Part 1: Mild Steel and Medium Tensile Steel Bars",https://archive.org/download/gov.in.is.432.1.1982/is.432.1.1982.pdf
1963,IS 432-2:1982,"Mild Steel and Medium Tensile Steel Bars and Hard-Drawn Steel Wire for Concrete Reinforcement, Part 2: Hard-Drawn Steel Wire",https://law.resource.org/pub/in/bis/S03/is.432.2.1982.pdf
1964,IS 1566:1982,hard-drawn steel wire fabric for  concrete reinforcement,https://archive.org/download/gov.in.is.1566.1982/is.1566.1982.pdf
1965,IS 1785-1:1983,"plain hard-drawn steel wire for prestressed concrete, Part 1: Cold-drawn stress-relieved wire",https://archive.org/download/gov.in.is.1785.1.1983/is.1785.1.1983.pdf
1966,IS 1785-2:1983,"plain hard-drawn steel wire for prestressed concrete, Part 2: As the drawn wire",https://archive.org/download/gov.in.is.1785.2.1983/is.1785.2.1983.pdf
1967,IS 1786:2008,High-strength deformed steel bars and  wires for concrete reinforcement,https://archive.org/download/gov.in.is.1786.2008/is.1786.2008.pdf
1968,IS 2090:1983,High tensile steel bars are used in prestressed concrete,https://archive.org/download/gov.in.is.2090.1983/is.2090.1983.pdf
1969,IS 6003:2010,INDENTED WIRE FOR PRESTRESSED CONCRETE,https://archive.org/download/gov.in.is.6003.2010/is.6003.2010.pdf
1970,IS 6006:1983,uncoated stress-relieved strand for prestressed concrete,https://archive.org/download/gov.in.is.6006.1983/is.6006.1983.pdf
1971,IS 9417:1989,Recommendations for welding cold-worked bars for reinforced concrete construction,https://archive.org/download/gov.in.is.9417.1989/is.9417.1989.pdf
1972,IS 10790-1:1984,"Methods of sampling of steel for prestressed and reinforced concrete, Part 1: Prestressing steel",https://archive.org/download/gov.in.is.10790.1.1984/is.10790.1.1984.pdf
1973,IS 10790-2:1984,"Methods of sampling of steel for prestressed and reinforced concrete, Part 2: Reinforcing steel",https://archive.org/download/gov.in.is.10790.2.1984/is.10790.2.1984.pdf
1974,IS 13620:1993,Fusion-bonded epoxy-coated reinforcing bars,https://archive.org/download/gov.in.is.13620.1993/is.13620.1993.pdf
1975,IS 14268:1995,Uncoated stress-relieved low relaxation seven-ply strand for prestressed concrete –,https://archive.org/download/gov.in.is.14268.1995/is.14268.1995.pdf
2001,IS 15498:2004,Guidelines for Improving the Cyclonic Resistance of Low-Rise Houses and Other Buildings/Structures,https://archive.org/download/gov.in.is.15498.2004/is.15498.2004.pdf
2002,IS 154991:2004,Guidelines for Survey of Housing and Building Typology in Cyclone Prone Areas for Assessment of Vulnerability of Regions and Post Cyclone Damage Estimation,https://archive.org/download/gov.in.is.15499.2004/is.15499.2004.pdf
336,IS 1003-1:2003,"Timber Panelled and Glazed  Shutters, Part 1:  Door  shutters",https://archive.org/download/gov.in.is.1003.1.2003/is.1003.1.2003.pdf
337,IS 1003-2:1994,"Timber Panelled And Glazed Shutters, Part 2: Windows and Ventilator Shutters",https://archive.org/download/gov.in.is.1003.2.1994/is.1003.2.1994.pdf
338,IS 1038:1983,"Specification For Steel Doors, Windows, and Ventilators",https://archive.org/download/gov.in.is.1038.1983/is.1038.1983.pdf
339,IS 1081:1960,"Code of practice for fixing and glazing of metal (steel and aluminium) doors, windows and ventilators",https://archive.org/download/gov.in.is.1081.1960/is.1081.1960.pdf
340,IS 1361:1978,Specification for steel windows for industrial buildings,https://archive.org/download/gov.in.is.1361.1978/is.1361.1978.pdf
341,IS 1948:1961,"Specification for aluminium doors, windows and ventilators",https://archive.org/download/gov.in.is.1948.1961/is.1948.1961.pdf
342,IS 1949:1961,Specification for Aluminium Windows for Industrial Buildings,https://archive.org/download/gov.in.is.1949.1961/is.1949.1961.pdf
343,IS 2191-1:1983,"Wooden Flush Door Shutters (Cellular and Hollow Core Type), Part 1: Plywood Face Panels",https://archive.org/download/gov.in.is.2191.1.1983/is.2191.1.1983.pdf
344,IS 2191-2:1983,wooden flush door shutters (cellular and hollow core type): Part 2 Particle board and hardboard face panels,https://archive.org/download/gov.in.is.2191.2.1983/is.2191.2.1983.pdf
345,IS 2202-1:1989,wooden flush door shutters (solid core type): Part 1 Plywood face panels,https://archive.org/download/gov.in.is.2202.1.1999/is.2202.1.1999.pdf
346,IS 2202-2:1983,wooden flush door shutters (solid core type): Part 2 Particle board and hardboard face panels,https://archive.org/download/gov.in.is.2202.2.1983/is.2202.2.1983.pdf
347,IS 4020-1to16:1998,Door Shutters – Methods of Tests,https://archive.org/download/gov.in.is.4020.1-16.1998/is.4020.1-16.1998.pdf
348,IS 4021:1995,"Timber Door, Window and Ventilator Frames",https://archive.org/download/gov.in.is.4021.1995/is.4021.1995.pdf
349,IS 4043:1969,"Recommendations for Symbolic Designation of Direction of Closing and Faces of Doors, Windows and Shutters",https://archive.org/download/gov.in.is.4043.1969/is.4043.1969.pdf
350,IS 4351:2003,Steel Door Frames,https://archive.org/download/gov.in.is.4351.2003/is.4351.2003.pdf
351,IS 4913:1968,"Code of Practice for Selection, Installation and Maintenance of Timber Doors and Windows",https://archive.org/download/gov.in.is.4913.1968/is.4913.1968.pdf
352,IS 6198:1992,"ledged, braced, and battened timber door shutters",https://archive.org/download/gov.in.is.6198.1992/is.6198.1992.pdf
353,IS 6248:1979,Metal Rolling Shutters and Rolling Grills,https://archive.org/download/gov.in.is.6248.1979/is.6248.1979.pdf
354,IS 10428:1983,Glossary of terms relating to doors,https://archive.org/download/gov.in.is.10428.1983/is.10428.1983.pdf
355,IS 10451:1983,steel sliding shutters (top hung type),https://archive.org/download/gov.in.is.10451.1983/is.10451.1983.pdf
1826,IS 962:1989,Code of practice for architectural and building drawings,https://archive.org/download/gov.in.is.962.1989/is.962.1989.pdf
1827,IS 1553:1989,Design of Library Buildings – Recommendations Relating to Its Primary Elements,https://archive.org/download/gov.in.is.1553.1989/is.1553.1989.pdf
1828,IS 2661:1978,mobile library van,https://archive.org/download/gov.in.is.2661.1978/is.2661.1978.pdf
1829,IS 2662:1978,packages for the use of libraries,https://archive.org/download/gov.in.is.2662.1978/is.2662.1978.pdf
1830,IS 2663:1989,Design of buildings for archives – Recommendations relating to their primary elements,https://archive.org/download/gov.in.is.2663.1989/is.2663.1989.pdf
1831,IS 3201:1988,Criteria for design and construction of precast trusses and purlins,https://archive.org/download/gov.in.is.3201.1988/is.3201.1988.pdf
1832,IS 4878:1986,Byelaws for the construction of cinema buildings,https://archive.org/download/gov.in.is.4878.1986/is.4878.1986.pdf
1833,IS 4919:1981,Glossary of terms applicable to landscape and horticulture work,https://archive.org/download/gov.in.is.4919.1981/is.4919.1981.pdf
1834,IS 4993:1983,Glossary of terms relating to modular coordination,https://archive.org/download/gov.in.is.4993.1983/is.4993.1983.pdf
1835,IS 5197:1987,Recommendations for the layout and planning of drawing offices,https://archive.org/download/gov.in.is.5197.1987/is.5197.1987.pdf
1836,IS 6072:1971,autoclaved reinforced cellular  concrete wall slabs,https://archive.org/download/gov.in.is.6072.1971/is.6072.1971.pdf
1837,IS 6073:2006,Autoclaved reinforced cellular concrete floor and roof slabs,https://archive.org/download/gov.in.is.6073.2006/is.6073.2006.pdf
1838,IS 6408-1:1990,"Recommendations for Modular Co-ordination in Building Industry: Tolerances, Part 1: Glossary of Terms",https://archive.org/download/gov.in.is.6408.1.1990/is.6408.1.1990.pdf
1839,IS 6408-2:1992,"Recommendations for modular coordination in the building industry: Tolerances, Part 2: Principles and applications",https://archive.org/download/gov.in.is.6408.2.1992/is.6408.2.1992.pdf
1840,IS 6820:1987,Recommendations for modular coordination in the building industry: Applications,https://archive.org/download/gov.in.is.6408.2.1992/is.6408.2.1992.pdf
1841,IS 7564-1:1974,"Recommendations for co-ordination of dimensions in buildings-Arrangements of building components and assemblies, Part 1: Functional group 1 Structures",https://archive.org/download/gov.in.is.7564.1.1974/is.7564.1.1974.pdf
1842,IS 7564-2:1974,"Recommendations for co-ordination of dimensions in buildings-Arrangement of building components and assemblies, Part 2: Functional group 2 External envelope",https://archive.org/download/gov.in.is.7564.2.1974/is.7564.2.1974.pdf
1843,IS 7564-3:1974,"Recommendations for co-ordination of dimensions in buildings-Arrangements of building components and assemblies, Part 3: Functional group 3 internal subdivision",https://archive.org/download/gov.in.is.7564.3.1974/is.7564.3.1974.pdf
1844,IS 7564-4:1975,"Recommendations for co-ordination of dimensions in buildings-Arrangements of building components and assemblies, Part 4: Functional group 4 services and drainage",https://archive.org/download/gov.in.is.7564.4.1975/is.7564.4.1975.pdf
1845,IS 7564-5:1974,"Recommendations for co-ordination of dimensions in buildings-Arrangements of building components and assemblies, Part 5: Functional group 5 Fixtures, furniture and equipment",https://archive.org/download/gov.in.is.7564.5.1974/is.7564.5.1974.pdf
1349,IS 654:1992,"Clay Roofing Tiles, Mangalore Pattern-Specification",https://archive.org/download/gov.in.is.654.1992/is.654.1992.pdf
1350,IS 1077:1992,Common Burnt Clay Building Bricks -Specification,https://archive.org/download/gov.in.is.1077.1992/is.1077.1992.pdf
1351,IS 1464:1992,Clay ridge and ceiling tiles-Specification,https://archive.org/download/gov.in.is.1464.1992/is.1464.1992.pdf
1352,IS 1478:1992,Clay flooring tiles-,https://archive.org/download/gov.in.is.1478.1992/is.1478.1992.pdf
1353,IS 1725:1982,soil-based blocks used in general building construction,https://archive.org/download/gov.in.is.1725.1982/is.1725.1982.pdf
1354,IS 2117:1991,Guide for the manufacture of handmade standard burnt-clay building bricks,https://archive.org/download/gov.in.is.2117.1991/is.2117.1991.pdf
1355,IS 2180:1988,Specification for heavy-duty burnt clay building bricks,https://archive.org/download/gov.in.is.2180.1988/is.2180.1988.pdf
1356,IS 2222:1991,Specification for burnt clay perforated building bricks,https://archive.org/download/gov.in.is.2222.1991/is.2222.1991.pdf
1357,IS 2248:1992,Glossary of terms relating to clay products for buildings,https://archive.org/download/gov.in.is.2248.1992/is.2248.1992.pdf
1358,IS 2690-1:1993,"Burnt clay flat terracing tiles- Specification, Part 1: Machine-made",https://archive.org/download/gov.in.is.2690.1.1993/is.2690.1.1993.pdf
1359,IS 2690-2:1992,"Burnt clay flat terracing tiles- Specification, Part 2: Hand-made",https://archive.org/download/gov.in.is.2690.2.1992/is.2690.2.1992.pdf
1360,IS 2691:1988,Burnt Clay Facing Bricks-Specification,https://archive.org/download/gov.in.is.2691.1988/is.2691.1988.pdf
1361,IS 3367:1993,Burnt clay tiles for use in lining irrigation and drainage works-Specification,https://archive.org/download/gov.in.is.3367.1993/is.3367.1993.pdf
1362,IS 3495-1 to 4:1992,"Methods of tests of burnt clay building bricks: Part 1 Determination of compressive strength, Part 2 Determination of water absorption, Part 3 Determination of efflorescence, Part 4: Determination of warpage",https://archive.org/download/gov.in.is.3495.1-4.1992/is.3495.1-4.1992.pdf
1363,IS 3583:1988,burnt clay paving bricks (BI-LINGUAL),https://archive.org/download/gov.in.is.3583.b.1988/is.3583.b.1988.pdf
1364,IS 3951-1:2009,"Hollow clay tiles for floors and roofs, Part 1: Filler type –",https://archive.org/download/gov.in.is.3951.1.2009/is.3951.1.2009.pdf
1365,IS 3951-2:2009,"Hollow clay tiles for floors and roofs, Part 2: Structural type",https://archive.org/download/gov.in.is.3951.2.2009/is.3951.2.2009.pdf
1366,IS 3952:1988,burnt clay hollow bricks for walls and partitions – Specification,https://archive.org/download/gov.in.is.3952.1988/is.3952.1988.pdf
1367,IS 3978:1967,Manufacture of burnt clay Mangalore pattern roofing tiles- Code of practice,https://archive.org/download/gov.in.is.3978.1967/is.3978.1967.pdf
1368,IS 4805:1978,Guide for the construction of the brick kiln,https://archive.org/download/gov.in.is.4805.1978/is.4805.1978.pdf
739,IS 653:1992,Linoleum Sheets And  Tiles,https://archive.org/download/gov.in.is.653.1992/is.653.1992.pdf
740,IS 657:1982,Materials for Use In The Manufacture of Magnesium Oxychloride  Flooring Compositions,https://archive.org/download/gov.in.is.657.1982/is.657.1982.pdf
741,IS 658:1982,Code of Practice for Magnesium Oxychloride Composition Floors,https://archive.org/download/gov.in.is.658.1982/is.658.1982.pdf
742,IS 809:1992,Rubber Flooring Materials For General Purposes,https://archive.org/download/gov.in.is.809.1992/is.809.1992.pdf
743,IS 1195:2002,Bitumen-Mastic for Flooring,https://archive.org/download/gov.in.is.1195.2002/is.1195.2002.pdf
744,IS 1196:1978,Code of practice for laying bitumen mastic flooring,https://archive.org/download/gov.in.is.1196.1978/is.1196.1978.pdf
745,IS 1197:1970,Code of practice for laying rubber floors,https://archive.org/download/gov.in.is.1197.1970/is.1197.1970.pdf
746,IS 1198:1982,"Code of practice for laying, fixing and maintenance of linoleum floor",https://archive.org/download/gov.in.is.1198.1982/is.1198.1982.pdf
747,IS 1237:2012,Cement Concrete Flooring Tiles – Specification,https://archive.org/download/gov.in.is.1237.2012/is.1237.2012.pdf
748,IS 1443:1972,Code of practice for laying and finishing cement concrete flooring tiles,https://archive.org/download/gov.in.is.1443.1972/is.1443.1972.pdf
749,IS 1542:1992,sand for plaster,https://archive.org/download/gov.in.is.1542.1992/is.1542.1992.pdf
750,IS 1630:1984,Mason’s tools for plaster work and pointing work,https://archive.org/download/gov.in.is.1630.1984/is.1630.1984.pdf
751,IS 1661:1972,Code of practice for the application of cement and cement-lime plaster finishes,https://archive.org/download/gov.in.is.1661.1972/is.1661.1972.pdf
752,IS 2114:1984,Code of practice for laying in-situ terrazzo floor finish,https://archive.org/download/gov.in.is.2114.1984/is.2114.1984.pdf
753,IS 2394:1984,Code of practice for the application of lime plaster finish,https://archive.org/download/gov.in.is.2394.1984/is.2394.1984.pdf
754,IS 2402:1963,Code of Practice for External Rendered Finishes,https://archive.org/download/gov.in.is.2402.1963/is.2402.1963.pdf
755,IS 2571:1970,Code of practice for laying in-situ cement concrete flooring,https://archive.org/download/gov.in.is.2571.1970/is.2571.1970.pdf
756,IS 3461:1980,PVC-asbestos floor tiles,https://archive.org/download/gov.in.is.3461.1980/is.3461.1980.pdf
757,IS 3462:1986,unbacked flexible PVC flooring,https://archive.org/download/gov.in.is.3462.1986/is.3462.1986.pdf
758,IS 3464:1986,Methods of Test for Plastic Flooring and Wall Tiles,https://archive.org/download/gov.in.is.3464.1986/is.3464.1986.pdf
